VT,SB01,SB02,SB03,SB04,SB05,SB06,SB07,SB08,SB09,SB10,SB11,SB12,SB13,SB14,SB15,SB16,XS01,XS02,XS03,XS04,XS05,XS06,XS07,XS08,XS09,XS10,XS11,XS12,XS13,XS14,XS15,XS16
VTX00001,17,0,0,0,0,0,0,0,0,0,0,0,0,20,0,1,5,0,0,0,0,0,0,0,0,0,0,0,0,2,0,1
VTX00004,245,111,0,51,0,3,15,36,51,11,345,10,0,0,6,0,7,0,3,1,0,1,4,1,6,1,12,11,0,0,2,0
VTX00005,0,0,0,0,0,0,0,0,0,0,0,0,0,0,0,0,0,0,0,0,0,0,0,0,0,0,0,0,0,0,3,0
VTX00024,0,3,0,0,0,186,0,0,15,0,0,1,12,0,170,286,0,0,3751,877,0,1138,1119,1964,6523,0,2175,0,0,0,2,2
VTX00026,0,0,0,0,0,0,0,0,0,0,0,0,0,0,0,0,8277,330,391,0,0,0,0,0,0,0,1004,0,0,0,0,0
VTX00039,0,0,0,0,0,0,0,0,0,0,624,0,0,0,95,0,0,0,0,0,0,0,0,0,0,6,0,0,0,1,0,0
VTX00053,0,0,0,0,0,0,0,0,0,0,0,0,1,0,1,1,0,0,0,0,0,0,0,0,0,0,0,0,7,0,0,0
VTX00054,0,0,0,0,0,0,0,0,0,0,0,0,0,0,0,41,0,0,0,0,0,0,0,0,0,0,0,0,0,0,0,0
VTX00056,0,0,0,0,0,0,0,0,0,0,0,0,0,0,0,0,0,0,0,0,0,0,0,0,0,0,0,683,0,0,0,0
VTX00057,0,0,0,2626,0,0,0,0,2393,0,215,0,0,492,90,280,2450,1318,1842,3474,0,0,0,0,0,0,0,0,575,0,0,0
VTX00059,0,0,0,0,0,0,0,0,0,0,0,0,0,0,0,0,0,0,0,0,0,0,0,0,0,0,0,0,0,302,208,0
VTX00063,0,0,0,0,0,0,0,0,0,0,0,0,0,567,0,0,2057,0,0,0,0,0,0,0,0,0,0,0,4,1664,254,1866
VTX00064,0,0,0,0,0,0,0,0,0,0,0,0,1621,2038,0,53,0,0,0,0,0,0,0,0,0,0,0,0,5851,9611,0,3231
VTX00065,0,0,0,0,0,0,0,0,0,0,0,0,0,0,0,0,0,0,0,0,0,0,0,0,0,0,0,0,10,13,0,24
VTX00069,0,0,3629,2,2,2,0,0,0,17,523,4,0,0,0,1033,524,0,3903,0,0,0,0,0,0,1,0,0,0,0,1,873
VTX00070,0,0,0,0,1640,674,9367,0,0,0,0,178,480,0,0,0,0,0,0,0,0,1409,0,0,371,1009,0,0,0,0,0,0
VTX00072,0,0,1642,0,0,0,0,0,0,0,0,0,0,0,0,1089,0,0,1247,1545,0,0,0,0,0,0,0,0,0,1246,0,670
VTX00074,0,0,0,0,0,4,0,0,0,0,28,1,0,1,0,10,0,1,0,0,0,0,0,0,0,0,0,0,0,0,0,0
VTX00075,0,0,0,0,0,0,0,0,0,0,0,0,0,0,0,0,0,0,0,0,0,0,0,0,0,0,0,0,0,0,0,3
VTX00076,0,0,0,0,370,1983,0,352,0,2986,10012,0,576,0,347,0,0,0,0,344,0,2796,2461,0,0,0,0,1205,0,0,2788,0
VTX00077,0,0,0,0,0,0,0,0,0,0,0,0,269,701,398,470,0,10,0,26,0,0,0,0,4,20,0,14,154,284,22,67
VTX00078,0,0,0,0,0,0,0,0,0,0,0,0,0,0,0,0,0,0,0,0,2,1,0,0,0,0,0,0,0,0,0,0
VTX00080,0,113,1131,469,1249,9383,1672,3192,2248,155,4997,4989,2226,3272,6517,103,2,4133,1404,2227,6916,14671,8369,4640,4658,2636,2961,4610,1,0,3734,1
VTX00082,0,165,220,534,139,6371,543,796,0,53,283,177,2035,398,36,0,0,979,392,503,347,911,117,432,680,1304,1,696,0,0,0,389
VTX00084,0,0,0,0,6981,1191,3992,0,0,1107,0,310,0,0,0,0,0,0,0,0,512,1,2292,1843,0,7,0,0,0,0,442,0
VTX00085,0,0,0,0,0,0,0,0,0,0,0,0,2424,2,57,35,0,3,0,190,0,0,0,0,6,0,0,2,11,1,0,0
VTX00087,0,0,0,0,0,0,0,0,0,0,0,0,0,0,1,0,0,0,0,0,0,0,0,0,1,4,11,1,0,0,0,0
VTX00089,5474,11285,22060,24196,2584,15,10113,5394,3187,554,7788,13453,0,5021,5125,1106,8921,5843,4887,9286,678,7585,7690,1200,1902,6400,4462,6095,2997,0,10007,1884
VTX00090,0,0,0,0,0,0,0,6,0,0,0,0,0,0,0,0,0,12,0,0,0,0,6,44,0,17,0,0,0,0,0,0
VTX00092,1007,0,0,0,0,0,0,0,150,0,7,0,0,2055,620,233,0,832,0,2788,91,445,0,2,866,207,1289,0,11,1217,0,0
VTX00093,3942,689,0,6,0,177,2525,5065,4966,1542,1509,0,9183,0,5445,9391,2667,2388,359,5972,3615,0,4492,576,4224,6262,4568,7714,2251,30,3295,3034
VTX00096,67,0,0,591,0,0,1573,21,3,321,412,0,1399,0,1999,2051,1637,2268,875,3039,15,0,559,5,1440,31,512,3318,520,0,2499,751
VTX00099,0,0,0,0,0,1,0,0,0,0,0,0,0,0,0,0,0,0,0,0,0,0,5,0,0,0,0,0,0,0,0,0
VTX00100,0,0,0,0,0,0,0,0,0,0,2,0,0,0,0,0,0,0,0,0,0,0,0,0,0,0,11,1,0,0,0,0
VTX00101,0,0,0,0,0,0,60,0,0,0,0,0,0,0,0,0,0,0,0,0,0,0,0,0,0,0,0,0,0,0,0,0
VTX00105,0,0,0,0,0,0,0,0,0,0,0,0,0,0,0,0,0,0,0,0,0,0,0,0,4,4,0,0,0,0,0,0
VTX00108,0,0,0,0,0,0,0,0,0,0,0,0,0,0,0,1,0,5,0,2,0,0,0,3,0,0,2,0,0,0,0,0
VTX00111,0,0,0,0,0,0,0,0,415,0,1,0,0,15,0,229,0,4,0,3,10,0,16,52,601,1765,9041,0,0,0,0,0
VTX00112,0,0,0,0,0,0,0,0,0,0,0,0,0,7,0,0,0,0,0,0,0,0,0,0,0,0,0,0,0,0,0,0
VTX00113,0,0,0,0,0,0,0,0,1,0,0,0,246,1,0,0,0,60,0,0,0,0,7,0,0,5,3218,0,2726,0,0,0
VTX00114,0,0,0,0,0,0,0,0,0,0,0,0,0,0,0,0,0,0,0,0,0,0,0,0,0,0,334,0,36,0,0,0
VTX00115,0,0,0,0,0,0,0,0,0,0,0,0,0,1,0,0,0,0,0,0,0,0,0,0,0,0,0,0,1024,0,0,0
VTX00118,0,0,0,0,0,0,0,0,0,0,0,0,0,17,0,0,0,0,0,0,0,0,0,0,0,0,0,0,0,0,0,5
VTX00120,0,0,0,0,0,0,0,0,4,0,0,0,0,5306,0,0,0,0,217,44,0,0,0,0,0,0,0,0,1718,3879,0,0
VTX00121,0,0,0,0,0,0,0,0,0,0,0,0,0,5,0,0,0,0,0,0,0,0,0,0,0,0,0,0,0,1078,0,0
VTX00122,0,0,0,0,0,0,0,0,0,0,0,0,0,0,0,1403,0,0,0,0,0,0,0,0,0,743,0,0,0,0,924,2086
VTX00124,26391,7772,0,2973,1456,16260,5142,21446,5284,18739,6778,2821,0,232,870,1306,3313,6897,13452,1325,10970,6308,5830,14494,7033,12455,3430,9240,0,0,4772,0
VTX00125,0,8,0,0,0,0,0,0,0,0,0,0,283,0,0,3,0,21,0,339,0,0,0,0,0,0,0,0,1473,0,0,0
VTX00126,0,6069,0,751,7800,124,211,118,0,359,0,2497,0,0,0,0,0,2847,345,1294,73,199,978,5,0,222,5,0,0,0,0,0
VTX00128,0,0,0,0,0,0,0,0,0,0,0,0,0,0,0,3,0,0,0,0,0,0,0,0,0,0,0,0,0,0,0,0
VTX00129,0,0,0,0,0,0,0,0,0,0,0,0,0,0,0,2,0,0,0,0,0,0,0,0,0,0,0,0,0,0,0,0
VTX00130,0,1,0,0,0,0,0,0,733,0,0,0,0,0,0,2406,0,0,518,1,0,0,0,0,0,0,0,0,7869,0,0,1553
VTX00132,0,0,0,0,0,0,0,0,0,0,0,0,0,0,0,2642,0,0,0,0,0,0,0,0,0,0,0,0,25,0,0,289
VTX00140,0,0,0,0,0,0,0,0,0,0,0,0,0,24,0,1,944,0,0,0,0,0,0,0,0,0,0,0,1,2,0,45
VTX00142,0,0,0,0,0,0,0,0,1,0,0,0,0,0,2,2,10,0,0,0,0,0,0,0,0,0,0,0,0,0,0,52
VTX00146,0,0,0,0,0,0,0,0,0,0,0,0,0,0,0,0,0,0,3,0,0,0,0,0,0,0,0,0,3,0,0,0
VTX00148,0,1,0,2,0,0,3,0,0,0,0,0,1,0,0,2,0,3,0,2,0,0,0,0,0,0,0,1,0,0,1,0
VTX00153,0,0,0,0,0,0,0,0,0,0,0,0,0,619,0,0,0,0,0,0,0,0,0,0,0,0,0,0,0,1,0,1931
VTX00154,0,0,0,0,0,0,0,0,0,0,0,0,0,0,2,1,4,0,0,0,0,0,0,0,0,0,0,0,1,0,0,4
VTX00155,0,0,0,0,0,0,0,0,0,0,3,0,4,5,10,79,0,0,0,0,0,0,0,0,0,0,0,0,27,13,0,75
VTX00156,0,0,0,0,0,0,0,0,0,0,0,0,0,129,0,4,0,0,0,0,0,0,0,0,0,0,0,0,1,1157,0,2730
VTX00159,0,0,0,0,0,0,0,0,0,0,0,0,20,1,132,0,0,0,0,0,0,0,0,0,0,45,0,0,0,0,0,0
VTX00160,0,0,0,0,0,0,0,0,0,0,0,0,0,0,0,7,0,0,0,0,0,0,0,0,0,0,0,0,7,0,0,0
VTX00163,0,0,0,0,0,0,0,0,0,0,1,0,0,2500,0,15,0,0,0,0,0,0,0,0,0,0,0,0,0,1280,0,1123
VTX00165,0,0,0,0,0,0,0,0,0,0,0,0,0,22,0,0,0,0,0,0,0,0,0,0,0,0,0,0,0,0,0,36
VTX00166,0,0,0,0,0,0,0,0,0,0,1979,0,4905,0,4642,3790,0,0,0,0,0,0,0,0,0,0,0,0,950,0,0,0
VTX00167,0,0,0,5,0,4,0,0,0,0,8,0,0,0,0,70,0,7,0,12,0,0,0,0,0,0,0,0,0,0,0,0
VTX00172,0,0,0,0,0,0,0,0,0,0,0,0,0,995,0,0,0,0,0,0,0,0,0,0,0,0,0,0,0,5,0,252
VTX00175,0,0,0,0,0,0,0,0,2,0,0,0,0,0,295,654,1054,0,0,0,0,0,0,0,0,0,0,0,646,0,0,13
VTX00178,0,0,0,0,494,0,0,0,0,0,0,6,0,0,1,0,0,0,0,0,220,144,0,0,1,0,0,0,0,0,1,0
VTX00180,0,0,0,0,0,0,0,0,881,0,0,0,0,0,47,0,0,0,0,0,0,615,0,0,0,0,0,0,0,0,1074,0
VTX00181,0,0,0,0,0,0,0,0,0,0,0,0,0,0,20,0,0,0,0,0,0,435,0,0,0,0,0,0,0,0,2,0
VTX00182,0,0,0,0,0,0,0,0,0,0,0,0,0,0,0,0,0,0,0,0,0,0,0,0,0,0,0,0,0,0,2,0
VTX00185,0,0,0,0,0,0,0,0,0,0,0,0,0,0,0,920,0,0,0,0,0,0,0,0,0,0,0,0,2940,0,0,0
VTX00186,0,0,0,0,0,0,0,0,1,0,7,0,181,0,543,71,3,0,0,1,0,0,0,0,0,649,0,0,5,0,0,5
VTX00188,0,0,1,0,0,0,0,0,0,0,0,0,0,0,0,0,0,0,0,0,0,0,0,0,0,3,0,0,0,0,0,0
VTX00193,0,0,0,23,0,0,0,0,122,0,12,0,0,31,5,33,41,31,57,51,0,0,0,0,0,0,0,0,25,0,0,0
VTX00194,0,0,0,0,0,0,0,0,0,0,0,0,0,0,0,0,0,5,0,0,0,0,0,0,0,0,0,0,0,0,0,0
VTX00199,0,0,0,0,0,0,0,0,0,0,0,0,0,0,0,0,0,158,0,0,0,0,0,0,0,0,0,0,0,0,0,0
VTX00202,0,0,0,0,0,0,0,0,3414,0,863,0,0,3964,320,0,0,0,0,0,0,0,0,0,0,0,0,0,2483,0,0,0
VTX00204,0,0,0,0,0,0,0,0,0,0,0,0,8,2,0,1300,0,0,1,0,0,0,0,0,0,0,0,0,3,0,0,0
VTX00206,0,0,0,0,0,0,0,0,0,0,545,0,2147,0,1133,3,324,0,0,0,0,0,0,0,0,0,0,0,408,6585,544,0
VTX00209,0,7,0,2,0,0,0,0,0,0,1,0,1490,2039,1384,2447,0,0,0,0,0,0,0,0,11,31,0,0,4630,260,0,921
VTX00210,0,498,0,1681,0,0,0,0,0,0,0,0,0,0,0,0,464,1134,0,529,0,0,0,0,0,0,0,0,0,0,786,0
VTX00212,0,0,0,0,0,0,0,0,0,0,0,0,4,9420,0,387,0,0,0,0,0,0,0,0,0,0,0,0,0,12,1061,5699
VTX00213,0,0,0,11,0,0,0,0,0,0,0,0,64,0,33,46,44,18,3,29,0,0,0,0,0,0,0,0,67,0,1,6
VTX00214,0,0,0,103,0,0,0,0,0,0,0,0,404,3,246,429,38,128,42,0,0,0,0,0,22,0,0,0,688,13038,2,2867
VTX00215,0,0,0,0,0,0,0,0,0,0,0,0,0,0,2,20,0,11,1,6,0,0,0,0,4,0,0,0,0,0,0,6
VTX00219,755,0,0,145,0,0,0,0,0,0,0,0,51,0,615,90,78,415,4,287,0,0,0,0,354,1,0,1,22,0,17,19
VTX00222,0,1222,0,59,0,0,0,0,0,0,0,0,0,0,0,1084,0,3,296,2660,0,0,0,0,0,0,0,0,2329,0,0,0
VTX00227,0,1216,0,0,0,458,0,56,6445,0,186,530,9461,0,1333,0,0,0,0,767,0,0,0,0,448,0,0,0,0,0,582,1332
VTX00234,0,0,0,0,0,1,0,0,0,0,0,0,0,0,0,0,0,7,0,0,0,0,0,0,0,0,0,0,0,0,0,0
VTX00238,0,0,0,0,0,0,0,0,14,156,0,0,0,0,362,0,0,3,1,2,0,0,0,0,0,0,7,18,0,0,61,0
VTX00239,0,84,0,0,0,0,0,0,0,0,0,0,0,0,0,0,0,11,0,0,0,0,0,0,0,0,0,0,0,0,8,0
VTX00247,194,0,0,0,0,0,0,51,62,0,32,0,115,262,53,97,0,69,0,100,31,20,5,178,56,104,107,17,309,20,0,0
VTX00248,0,0,0,0,0,0,0,1,0,0,0,0,0,1,0,6,0,1,0,2,0,0,2,0,0,2,1,0,0,0,0,0
VTX00253,0,77,44,1003,4386,30,293,230,0,270,11,1635,4,1413,0,0,2126,16,8,9,38,0,1911,8,3,7899,1,39,0,0,0,0
VTX00259,0,536,0,0,1,55,0,0,0,0,0,0,0,0,0,0,0,96,25,64,0,40,0,4,0,0,0,0,0,0,0,0
VTX00262,0,0,0,0,0,0,0,0,0,0,23,0,0,0,0,0,0,0,0,30,0,0,0,0,0,0,355,0,0,0,0,0
VTX00264,0,0,0,0,0,0,0,0,0,0,0,0,0,0,0,0,0,8,0,0,0,0,2,0,0,0,6,0,0,0,0,0
VTX00268,0,0,0,0,0,0,0,0,0,23,2,0,0,0,2,0,0,0,0,0,0,0,0,0,0,0,0,4,0,0,0,0
VTX00269,0,0,862,0,0,27,0,0,0,0,0,0,0,0,0,0,7,0,0,0,0,0,0,0,0,0,0,0,0,0,0,923
VTX00270,0,0,3,0,688,275,0,0,0,7380,1236,0,1,0,684,303,803,0,0,0,2095,1,1120,0,0,805,0,2663,0,443,2003,1554
VTX00278,0,1502,0,0,0,0,0,0,0,5415,0,0,0,541,0,0,0,0,1020,448,0,0,0,911,0,0,0,0,0,0,0,0
VTX00280,0,0,0,0,0,0,0,0,0,0,0,0,0,0,0,0,0,0,0,0,0,0,0,0,4,1,10,0,0,0,0,0
VTX00281,0,0,0,0,0,0,0,0,0,0,0,0,0,0,7,0,0,0,0,0,0,0,0,0,0,0,0,0,0,0,47,0
VTX00288,0,539,0,882,0,0,0,0,0,0,0,0,0,0,0,0,0,417,0,668,0,0,0,0,0,0,0,0,0,0,0,0
VTX00295,5,0,0,0,0,0,0,0,0,0,0,0,15,63,9,19,0,6,0,1,0,3,0,0,0,0,33,0,31,0,0,0
VTX00304,0,0,0,0,0,0,0,0,0,0,0,0,0,3,0,0,0,0,0,0,0,0,0,0,0,0,0,0,0,453,0,3363
VTX00305,0,0,0,0,6,0,4,0,0,0,0,1,0,0,2,0,0,0,0,0,9,5,0,19,3,10,0,0,0,0,0,0
VTX00306,0,0,0,0,0,0,0,0,0,0,0,0,0,0,0,4,0,0,0,0,0,0,0,0,0,0,0,0,0,0,0,0
VTX00312,1,47,0,0,0,87,0,2,0,0,176,0,0,11,7,6,0,1013,0,36,2050,10,2,10,2,1962,933,88,1,0,0,0
VTX00322,4,0,0,5,0,0,2,0,1,0,2,0,223,0,537,1731,3,118,4,52,0,0,0,2,5,0,0,21,1591,0,1690,1
VTX00323,0,0,0,0,0,0,0,0,0,0,0,0,0,0,425,55,0,0,0,0,0,0,0,0,0,0,0,0,0,221,0,42
VTX00324,0,0,0,0,0,0,0,0,0,0,0,0,0,10,0,0,0,0,0,0,0,0,0,0,0,0,0,0,4,0,0,0
VTX00325,0,0,0,0,0,0,0,0,0,0,0,0,0,0,0,0,0,0,0,1,11,0,0,0,0,51,4,0,0,0,0,0
VTX00326,0,0,0,0,0,0,0,0,0,0,0,0,444,711,0,36,60,0,0,0,0,0,0,0,0,0,0,0,579,711,16,368
VTX00327,0,0,0,0,0,0,0,0,0,0,0,0,0,11,5,2,0,2,0,0,2,0,0,0,0,0,0,0,0,0,0,0
VTX00331,0,0,0,0,0,0,0,0,0,0,0,0,17,79,0,0,0,0,0,0,0,0,0,0,0,0,0,0,10,156,0,17
VTX00334,0,0,0,0,0,0,0,0,0,0,0,0,53,29,0,7,23,0,0,0,0,0,0,0,0,0,0,0,136,58,0,62
VTX00340,0,7,0,2,0,0,0,0,1,0,0,0,0,0,1,13,56,30,7,14,0,0,0,0,0,0,0,0,0,0,0,0
VTX00342,0,0,0,0,0,0,0,0,0,0,594,0,1113,2,1878,584,0,0,0,0,0,0,0,0,0,0,0,0,30,0,0,0
VTX00343,0,33,0,1,0,0,0,0,0,0,0,0,2,51,1,2,0,1,0,9,0,0,0,0,0,0,1,0,0,0,0,0
VTX00344,0,0,0,0,0,0,0,0,0,0,0,0,1,7,0,4,0,2,0,1,0,0,0,0,0,0,12,1,10,0,0,0
VTX00349,0,0,0,0,0,0,0,0,0,4,0,0,0,0,15,0,0,0,0,0,0,0,0,0,0,0,0,0,0,0,0,0
VTX00358,0,0,0,117,0,0,0,0,108,0,18,0,0,43,11,69,52,49,10,35,0,0,0,0,0,0,0,0,14,0,0,0
VTX00359,0,260,0,0,8,120,0,0,0,0,0,1,0,0,0,0,4,44,1,14,234,4,0,0,0,0,0,0,0,0,0,15
VTX00360,0,0,0,0,0,11,0,4,0,0,9,1,0,0,0,0,0,0,1,0,1,4,10,8,0,0,8,0,0,0,0,0
VTX00361,0,0,0,0,2,25,29,102,31,0,74,1249,2,1,4,2,0,3,0,1,2,50,52,140,1156,2,21,6,0,0,2,0
VTX00362,0,0,0,0,0,0,0,0,0,0,0,0,0,0,0,0,0,5,0,0,0,0,0,15,0,4,2,0,0,0,0,0
VTX00363,0,0,0,0,0,0,0,0,0,0,1,0,0,1,0,0,0,1467,0,0,0,0,342,0,0,0,1237,5,0,0,0,0
VTX00364,0,3,0,26,0,0,0,0,0,0,15,0,0,69,2114,795,2,19,0,4,0,0,0,0,119,335,0,0,0,9,3,45
VTX00366,0,0,0,0,0,7,0,0,0,4,1,0,0,0,0,0,0,4,0,0,0,0,0,0,0,0,0,0,0,0,0,0
VTX00368,0,0,0,0,172,145,481,420,0,0,0,87,0,0,0,0,0,0,0,0,200,0,0,379,191,0,0,0,0,0,0,0
VTX00369,0,0,0,0,6302,676,1396,1140,0,0,0,467,0,0,0,0,0,0,0,0,5779,1086,0,3715,2209,0,0,0,0,0,0,0
VTX00370,5160,0,0,3828,4146,5945,1604,2973,1704,792,4195,8718,2441,1,1912,2157,2546,807,1,5170,6774,8470,6690,6339,1891,2228,0,2621,0,0,2220,0
VTX00372,0,0,0,0,0,0,0,0,0,0,0,0,0,21,0,0,0,0,0,0,0,0,0,0,0,0,0,0,0,29,0,143
VTX00380,0,0,0,0,0,0,0,0,0,0,0,0,0,0,0,21,0,0,0,0,0,0,0,0,0,0,0,0,0,4,6,0
VTX00382,0,0,0,0,0,0,0,0,0,0,0,0,6,0,11,358,0,0,0,0,0,0,0,0,0,0,0,0,0,0,0,4
VTX00383,0,1726,0,765,1485,2245,2377,1874,2820,2686,1658,2169,0,269,0,0,0,2239,1628,997,5036,1549,2864,4661,670,317,166,3688,0,0,642,0
VTX00384,0,0,0,0,0,0,0,0,0,0,36,0,2,2503,4246,1237,0,0,0,0,0,0,0,0,624,1864,1,0,0,4,0,3068
VTX00387,0,0,0,0,0,0,0,0,0,0,0,0,0,0,0,0,0,0,0,1,0,0,0,0,0,2,29,0,1,0,0,0
VTX00389,0,0,0,0,0,0,0,0,0,0,0,0,0,0,0,0,0,0,0,0,2,0,0,0,0,2,0,0,0,0,0,0
VTX00393,0,0,0,0,0,0,0,0,0,0,0,0,0,0,1,0,76,0,0,0,0,0,0,0,0,0,0,0,0,0,0,18
VTX00397,8,0,0,0,0,0,0,0,2,0,0,0,0,49,13,14,0,9,0,9,2,3,0,0,6,5,5,0,0,11,0,0
VTX00398,0,1429,0,0,2,6,0,0,0,0,3,0,0,0,3,0,0,271,39,165,0,6,0,0,0,4,0,0,0,0,0,0
VTX00399,0,13,10,8,12,119,524,219,28,7,59,81,184,26,6,124,102,169,5,13,227,264,878,3044,16,77,9,10,4,0,0,0
VTX00403,0,1,0,0,0,0,0,0,0,0,316,0,0,0,0,0,0,382,0,0,2,0,1,4,0,76,5984,548,0,0,0,0
VTX00404,0,0,0,0,0,0,0,0,0,0,0,0,0,1,0,0,0,0,0,0,0,2,6,0,0,0,0,0,0,0,0,0
VTX00408,0,0,0,0,0,0,0,0,0,0,0,0,0,0,0,0,0,0,0,0,0,0,0,0,0,0,2,0,0,0,0,0
VTX00409,0,0,0,0,0,0,0,0,0,0,0,0,0,3,0,0,0,0,0,0,0,0,0,0,0,0,0,0,0,4,0,0
VTX00410,0,0,0,82,0,0,0,0,0,1501,0,0,0,0,0,0,0,385,2364,648,0,0,0,0,0,712,0,0,0,0,0,0
VTX00411,0,0,0,9,0,0,0,0,0,0,0,0,0,0,13,0,6,12,0,4,0,0,0,0,19,0,0,0,0,0,0,0
VTX00413,0,0,0,5,1,8,1,4,0,0,1,0,3,1,1,0,0,4,1,2,1,2,4,0,0,1,0,8,0,0,0,0
VTX00417,0,0,0,0,0,0,0,0,0,0,0,0,0,2,0,0,0,0,0,0,0,0,0,0,0,0,0,0,0,3,0,7
VTX00419,0,0,0,0,0,0,0,0,560,0,0,0,0,0,0,0,0,0,0,0,0,0,0,0,0,0,0,0,0,0,0,535
VTX00420,0,865,0,161,0,0,0,0,0,0,0,0,0,0,0,21,0,739,2,1151,0,0,0,0,0,0,0,0,13,0,0,0
VTX00426,0,0,0,0,0,0,0,0,0,0,0,0,0,2,0,0,591,0,0,0,0,0,239,0,0,0,0,0,0,0,0,0
VTX00436,2368,1102,6435,253,0,0,0,0,945,0,826,3327,0,0,0,0,880,4363,1300,2143,0,0,0,0,4930,0,0,0,0,0,1176,1
VTX00441,0,0,0,0,0,0,0,0,0,0,0,0,0,0,0,0,0,0,0,0,0,0,0,0,0,0,0,0,0,0,0,4
VTX00446,0,0,0,0,0,0,0,0,0,0,0,0,0,4,0,0,0,0,0,0,0,0,0,0,0,0,0,0,0,0,0,0