OTU,SB01,SB02,SB03,SB04,SB05,SB06,SB07,SB08,SB09,SB10,SB11,SB12,SB13,SB14,SB15,SB16,XS01,XS02,XS03,XS04,XS05,XS06,XS07,XS08,XS09,XS10,XS11,XS12,XS13,XS14,XS15,XS16
CL00004,135,99,43,160,543,661,2703,4147,261,608,182,462,169,81,446,110,368,304,435,184,1662,2027,1067,1236,1014,466,311,23,74,43,458,22
CL00015,20,0,0,0,48,286,0,2513,72,255,19,410,107,99,28,247,122,15,11,0,316,485,4,534,363,181,299,49,233,212,37,118
CL00022,12,23,53,49,47,465,14,313,37,488,17,9,0,18,1989,11,112,32,129,61,331,674,455,108,220,9,56,2,12,5,553,29
CL00026,0,0,39,2,90,18,474,421,49,42,22,84,326,206,129,62,97,7,0,12,168,540,916,250,278,161,514,762,78,34,292,35
CL00041,0,0,0,0,0,0,15,0,0,0,17,0,971,611,116,640,0,0,0,0,0,0,85,0,0,42,36,0,559,332,195,778
CL00045,12,57,0,24,2,0,0,0,16,109,3,34,35,794,220,936,127,57,14,4,0,1,0,0,165,0,29,49,227,562,409,134
CL00047,32,14,93,27,16,32,201,34,21,71,25,23,175,843,135,486,52,20,41,8,53,40,92,38,39,41,27,66,314,422,213,143
CL00055,13,19,5,43,0,0,0,0,0,0,0,0,236,1118,64,504,6,24,40,83,0,0,0,0,0,0,4,0,345,447,97,88
CL00059,142,77,0,0,21,3,133,0,4,1154,15,0,280,187,56,359,50,41,4,0,0,3,77,3,8,3,0,63,231,1,0,153
CL00064,253,276,332,541,28,180,352,161,46,394,37,107,0,0,0,0,12,93,34,16,78,171,0,0,10,44,9,0,0,0,0,0
CL00067,69,33,317,86,10,59,7,68,25,11,18,61,0,83,10,55,455,100,191,128,127,63,48,35,276,55,134,0,336,199,31,92
CL00070,53,28,40,47,15,13,12,32,19,30,42,24,51,70,27,168,399,43,76,78,139,233,226,161,109,41,80,42,154,187,51,120
CL00073,0,0,0,0,0,0,0,0,0,0,0,0,0,0,0,0,6,0,0,3,4,10,0,0,0,0,0,0,0,2369,0,0
CL00075,0,0,0,0,0,0,0,0,0,0,0,0,0,0,0,0,0,0,0,0,0,0,6,0,0,0,0,0,0,2245,0,0
CL00085,0,0,0,0,0,0,0,0,0,0,0,0,0,0,0,0,0,0,0,0,0,3,0,0,0,0,0,0,0,0,0,2621
CL00086,0,0,0,0,0,0,0,0,3,0,0,0,33,127,189,974,0,0,0,0,0,0,0,2,3,8,2,1,35,25,192,625
CL00101,0,0,0,0,0,0,0,0,0,0,5,0,206,51,323,67,0,0,0,0,0,0,0,0,0,36,1,0,0,92,1235,60
CL00107,0,0,0,0,0,0,0,0,0,0,0,0,0,0,0,0,0,0,0,0,0,0,0,0,1,1,0,0,0,0,0,2282
CL00121,0,0,0,1,42,248,10,7,42,135,2,6,0,1,9,0,1,0,3,1,411,255,138,70,76,0,26,1,0,0,3,1
CL00125,0,5,0,23,0,0,0,0,1,2,1049,4,0,0,1,13,16,4,46,9,16,6,0,0,2,5,0,0,0,1,0,0
CL00127,0,0,7,1,0,3,0,0,0,9,3,0,65,238,62,68,5,0,2,2,0,0,0,0,0,0,0,5,281,426,99,51
CL00131,6,24,70,22,16,80,64,116,12,16,4,23,3,0,3,0,8,27,13,4,227,402,107,108,9,5,3,4,0,0,2,0
CL00135,0,8,13,15,2,9,1,26,14,89,6,29,0,1,2,0,255,78,229,98,23,111,82,71,82,28,75,131,0,0,10,0
CL00136,0,0,0,0,0,0,0,0,0,0,2,0,56,513,48,79,0,0,0,1,0,0,0,0,0,21,0,0,11,258,193,51
CL00141,0,0,0,0,0,0,0,0,0,270,0,0,0,0,0,0,0,0,794,0,0,231,0,28,0,0,62,44,0,0,0,0
CL00143,0,0,8,9,8,433,5,27,4,67,0,9,0,0,0,0,25,36,15,15,205,73,41,89,48,24,16,123,0,0,0,0
CL00145,0,0,0,0,0,0,0,0,0,0,0,0,14,200,35,257,0,0,0,0,0,0,0,0,0,0,0,0,422,126,93,76
CL00148,24,66,0,105,5,4,79,19,12,24,4,9,0,14,61,0,374,69,105,94,30,35,54,27,12,3,0,0,0,11,125,4
CL00152,0,0,0,0,0,0,0,0,1,0,2,0,26,4,0,7,0,0,17,0,41,10,12,1,0,0,1,7,8,1020,0,0
CL00156,24,2,2,5,7,38,12,35,5,27,17,2,33,58,40,106,83,2,15,35,39,33,41,15,199,7,22,0,127,90,52,62
CL00158,0,0,0,0,0,0,8,0,1,44,1,0,688,92,24,0,0,0,0,0,0,0,0,0,0,16,28,52,40,26,6,121
CL00172,4,0,0,15,3,268,9,16,3,19,0,3,0,0,0,0,0,56,27,11,152,188,48,128,53,19,32,42,0,0,0,0
CL00175,0,0,0,0,0,3,3,0,0,0,0,1,0,10,45,29,0,0,0,0,0,11,581,59,0,0,10,23,0,12,221,96
CL00181,0,48,3,27,30,44,0,36,31,74,31,13,0,0,0,0,32,15,23,240,81,25,115,21,46,72,67,36,0,0,0,0
CL00188,0,3,0,3,152,39,174,4,40,12,17,24,68,0,38,0,30,0,0,0,65,65,2,16,38,31,59,84,3,0,0,0
CL00203,1,8,0,22,28,95,1,18,10,6,7,6,0,0,0,0,0,8,25,5,351,256,60,14,11,8,1,18,0,0,0,0
CL00209,0,0,0,0,0,13,834,0,0,0,0,0,22,0,0,0,0,0,0,0,16,45,49,10,4,0,0,0,0,0,0,0
CL00210,17,0,0,0,90,48,38,25,3,50,29,25,127,0,5,10,101,0,0,0,49,90,57,34,0,14,0,28,1,7,2,10
CL00220,36,15,0,123,0,2,0,0,13,2,1,0,11,33,78,64,33,0,63,40,1,0,0,3,8,8,22,30,108,86,108,20
CL00228,12,6,16,15,9,10,49,7,7,21,9,1,25,235,24,52,17,4,4,3,8,7,8,10,9,8,10,7,40,75,91,41
CL00230,18,21,14,45,42,34,0,37,1,201,6,12,0,0,0,0,55,91,21,54,38,101,4,26,33,0,6,0,4,2,0,0
CL00233,15,17,8,139,0,2,0,10,31,4,1,7,0,83,0,30,137,58,148,142,0,0,6,29,1,0,2,0,0,44,31,0
CL00237,390,23,0,24,2,14,21,5,26,128,8,11,68,84,11,72,0,3,0,0,4,18,0,0,0,6,0,0,0,0,0,3
CL00246,0,0,0,0,0,0,0,0,0,0,0,0,0,0,644,0,0,0,0,0,0,0,0,0,0,0,0,0,0,0,222,0
CL00247,0,4,5,0,12,7,62,66,9,79,48,26,32,24,12,71,0,0,0,0,3,6,33,24,29,82,9,73,30,18,12,2
CL00260,0,0,0,0,0,0,0,0,0,0,0,0,0,94,29,193,0,0,0,0,0,0,0,0,0,0,1,0,47,59,106,161
CL00268,0,0,0,0,0,0,0,0,0,0,0,0,0,23,44,124,0,0,0,0,0,0,0,0,0,0,0,0,0,139,0,431
CL00279,0,9,0,51,0,0,24,21,42,26,0,28,0,0,4,12,24,22,12,67,44,1,26,29,43,0,165,71,0,3,1,9
CL00284,0,22,10,26,0,22,119,28,7,122,6,31,0,0,3,0,88,9,20,53,1,9,4,7,15,3,23,83,0,0,0,0
CL00285,0,0,0,0,0,0,0,0,1,0,1,0,1,26,0,10,0,0,0,0,2,0,7,2,1,0,2,2,128,31,0,519
CL00295,6,3,1,42,0,1,3,0,1,0,12,1,0,16,0,1,277,33,114,57,0,6,27,24,29,14,29,29,27,0,0,5
CL00301,20,3,0,47,0,0,37,6,8,21,3,0,2,87,15,13,15,19,23,13,4,65,22,35,16,2,1,0,0,2,123,24
CL00344,0,0,0,11,13,0,0,1,5,11,6,5,1,64,26,11,16,0,0,0,14,15,58,6,21,26,26,34,48,37,17,44
CL00345,3,0,0,12,2,7,33,0,1,10,5,2,46,192,16,15,3,4,0,4,12,3,11,0,6,4,0,8,13,62,9,12
CL00346,0,0,0,0,0,17,5,9,0,4,0,2,0,0,0,0,0,0,0,0,130,137,79,94,47,0,1,9,0,0,0,0
CL00350,0,0,0,0,0,0,0,0,0,0,0,0,5,66,36,51,0,0,0,9,0,0,0,0,0,1,0,0,110,133,25,30
CL00352,0,0,0,0,0,0,0,0,0,0,0,0,0,0,0,0,98,18,123,66,80,11,41,63,27,7,21,5,8,0,14,2
CL00353,21,19,8,2,0,14,8,0,0,2,18,9,11,5,5,16,25,53,3,8,12,2,15,35,24,0,32,27,70,2,16,81
CL00360,0,0,0,0,0,5,4,0,0,20,0,0,33,67,0,26,0,0,0,0,0,0,34,0,0,9,0,15,88,37,26,134
CL00368,12,3,37,12,0,0,0,0,1,8,3,2,0,177,161,17,0,0,0,0,0,0,0,0,0,0,0,0,0,0,0,0
CL00386,6,5,60,5,0,0,0,0,8,0,0,0,5,1,0,7,118,20,0,4,0,0,7,0,0,0,1,0,0,204,2,22
CL00388,20,60,157,4,5,4,0,4,9,5,4,3,110,0,0,0,1,7,2,14,9,0,2,3,30,4,4,2,0,0,0,0
CL00393,0,0,0,15,0,0,0,1,1,12,3,0,11,15,21,0,143,2,20,0,0,3,13,0,0,0,1,52,167,0,3,0
CL00400,0,0,0,0,0,0,6,15,1,30,0,0,0,9,3,0,9,3,0,0,0,0,1,20,38,6,38,109,0,0,134,17
CL00416,0,0,0,0,0,0,0,0,0,0,6,0,0,0,205,0,0,0,0,0,0,25,0,0,0,8,0,0,0,0,165,0
CL00422,0,0,0,0,0,0,0,0,0,0,0,0,45,65,34,27,0,0,19,2,0,0,0,0,0,0,0,0,41,68,49,56
CL00427,0,0,0,0,0,0,0,0,0,0,10,0,0,0,7,42,0,0,0,0,0,0,0,0,0,0,28,0,166,3,153,0
CL00429,0,0,0,0,24,12,17,85,13,53,27,16,83,3,38,1,0,0,0,0,0,0,0,0,0,0,0,0,0,0,0,0
CL00430,0,0,6,13,0,0,0,0,2,0,0,0,81,22,20,46,29,4,19,20,0,0,0,0,0,7,3,7,39,18,29,26
CL00436,52,0,0,16,5,61,0,8,8,0,8,13,9,9,12,5,22,12,1,7,28,23,38,11,0,12,0,12,4,0,23,4
CL00442,37,0,0,18,19,0,0,0,0,24,1,1,0,0,14,0,70,0,3,33,0,0,5,12,43,0,10,88,18,2,7,0
CL00449,0,1,0,7,0,0,0,0,0,0,4,0,70,44,26,41,2,0,0,0,0,0,0,0,0,2,0,0,39,23,74,31
CL00455,0,0,0,0,11,33,3,1,17,13,0,3,0,0,0,0,0,0,0,0,41,32,69,7,60,0,13,34,0,0,0,0
CL00457,45,0,112,33,0,0,0,0,9,0,3,0,0,0,0,0,19,6,94,18,0,0,0,0,0,55,0,0,0,0,0,0
CL00460,0,1,0,0,0,0,10,0,2,50,4,0,33,24,11,17,0,0,3,0,0,0,29,0,5,25,0,0,53,32,13,30
CL00466,0,0,0,0,0,0,0,0,0,0,0,0,0,0,0,0,0,0,0,0,0,0,0,8,3,0,0,0,0,0,0,383
CL00468,0,0,0,0,0,0,0,0,0,0,0,0,58,0,0,0,0,0,0,0,0,0,0,0,0,0,0,0,152,103,0,14
CL00473,0,0,0,0,0,0,0,0,0,0,0,0,0,68,0,0,0,0,0,0,0,0,0,0,0,0,0,0,0,226,0,14
CL00475,0,0,2,36,8,45,7,18,0,18,4,4,0,0,0,0,0,0,3,0,21,89,26,26,14,0,0,0,0,0,0,0
CL00476,7,0,0,0,0,2,9,0,2,16,7,2,1,0,1,0,0,9,0,0,12,8,26,142,4,0,21,12,50,11,7,3
CL00479,0,0,0,0,0,0,0,0,0,0,0,0,0,76,121,0,0,0,0,0,0,0,0,0,0,0,0,0,0,0,100,27
CL00482,0,0,0,0,0,0,0,0,2,1,0,1,0,0,0,0,1,0,6,0,28,151,26,10,69,0,8,35,0,0,0,0
CL00485,0,0,0,0,0,0,0,0,0,0,0,0,225,0,0,0,0,0,0,0,0,0,0,0,0,0,0,0,107,0,0,0
CL00495,0,0,0,0,0,0,0,0,4,1,0,9,24,21,5,77,0,0,0,0,0,1,75,0,0,0,0,0,1,24,7,65
CL00498,0,7,5,35,0,0,0,0,0,0,0,0,0,0,0,0,39,37,11,119,0,0,0,0,0,0,74,17,0,0,0,0
CL00502,14,2,0,1,10,6,18,2,1,2,3,3,7,25,6,44,0,0,2,0,0,13,4,6,0,1,2,2,38,21,15,50
CL00504,0,0,0,2,3,23,8,1,0,18,0,0,0,0,0,0,0,2,10,5,90,32,72,18,25,0,0,9,0,0,0,0
CL00508,0,0,0,0,0,0,0,0,0,2,3,0,0,4,5,9,53,0,0,0,12,71,30,0,2,62,10,31,0,9,0,17
CL00516,0,0,0,0,0,0,0,0,4,6,0,0,1,30,1,0,0,0,0,0,0,0,0,0,0,0,129,5,42,0,71,7
CL00532,0,0,0,0,0,0,0,0,0,0,0,0,16,0,0,86,0,0,0,0,0,0,0,0,0,0,0,0,165,10,0,6
CL00542,0,0,0,0,4,22,5,47,0,2,0,3,0,0,0,0,0,0,0,0,42,70,50,34,0,0,2,19,0,0,0,0
CL00544,0,0,0,0,0,0,0,0,0,1,0,0,0,98,0,13,0,0,0,0,0,0,0,0,0,0,0,0,16,99,0,14
CL00548,1,0,1,0,1,0,2,2,0,1,0,0,4,140,3,4,0,1,3,0,0,1,0,1,4,0,1,4,10,48,12,5
CL00551,0,0,0,0,0,0,0,3,4,6,19,14,0,0,0,0,0,10,0,0,0,0,0,0,31,159,21,31,0,0,0,0
CL00553,0,0,0,0,0,0,0,0,0,0,0,0,13,0,4,158,0,0,0,0,0,0,0,0,0,0,0,0,8,0,31,19
CL00556,0,1,3,0,0,0,0,0,1,0,5,0,0,0,2,0,28,1,23,13,0,79,0,0,31,0,10,5,0,17,0,66
CL00561,0,0,0,0,0,0,0,0,0,0,0,0,12,0,0,39,0,0,0,0,0,0,0,0,0,0,0,0,0,0,177,53
CL00570,0,0,0,0,0,0,0,0,0,0,0,0,0,0,0,4,0,0,0,0,0,0,0,2,0,0,0,0,3,224,12,15
CL00572,0,0,0,0,1,0,0,0,6,5,23,0,10,7,0,10,0,0,0,4,0,12,76,8,9,16,42,16,8,11,0,3
CL00573,0,0,0,0,0,0,0,0,1,4,9,0,0,0,27,7,0,0,72,0,0,0,0,57,22,1,4,51,0,0,34,0
CL00577,0,0,0,0,0,0,0,0,0,0,0,0,0,36,0,20,0,0,0,0,0,0,0,0,0,0,0,0,0,73,40,68
CL00580,0,0,1,0,0,0,0,0,0,3,0,1,0,0,0,0,42,2,68,47,1,4,36,3,21,0,42,18,0,0,0,0
CL00582,0,0,0,0,0,0,0,0,0,2,0,0,0,0,0,0,334,0,0,0,0,0,0,0,0,0,0,0,0,0,0,2
CL00586,7,16,0,0,0,0,12,0,0,103,5,0,20,5,3,1,2,10,0,0,0,5,15,0,0,0,0,0,1,0,10,39
CL00593,0,0,0,0,0,0,11,0,0,0,0,0,0,27,0,103,0,0,0,0,0,0,5,0,0,0,0,0,0,0,33,41
CL00601,6,10,0,2,4,12,55,19,5,5,1,5,0,0,19,4,0,5,7,0,10,15,11,9,28,1,6,0,0,0,9,0
CL00606,0,0,0,0,0,0,0,0,0,0,3,12,0,1,174,38,0,0,0,0,0,0,0,0,2,0,0,0,0,0,5,0
CL00615,0,2,0,26,0,3,0,0,4,0,1,3,0,0,0,0,63,25,44,36,6,4,2,14,8,0,3,28,0,3,0,0
CL00621,0,0,0,0,7,0,56,15,3,0,0,7,0,0,0,0,0,0,0,0,0,28,92,12,26,0,1,0,0,0,0,0
CL00622,0,0,0,0,0,0,0,0,5,0,7,0,0,0,86,0,0,0,0,0,0,0,0,0,0,0,15,0,0,0,136,0
CL00642,0,0,0,0,0,0,0,0,0,0,0,0,0,123,0,0,0,0,0,0,0,0,0,0,0,0,0,0,25,11,28,0
CL00643,0,0,0,0,0,13,0,0,0,0,1,0,0,0,0,2,0,0,0,0,0,0,0,0,0,0,0,0,0,0,227,0
CL00650,0,0,0,0,0,0,0,0,2,0,1,0,0,17,0,26,52,2,0,13,0,0,0,1,0,4,3,4,0,47,15,32
CL00655,0,0,0,0,0,52,0,7,0,3,2,30,1,0,3,3,3,0,0,0,0,0,4,13,79,0,0,0,1,0,2,1
CL00664,0,0,0,0,0,0,0,0,0,0,0,0,0,0,0,0,1,0,0,6,0,0,0,0,0,0,0,222,0,0,0,0
CL00670,0,0,0,0,0,0,0,0,0,0,0,0,0,101,0,0,0,0,0,0,0,0,0,0,0,0,0,0,0,76,0,0
CL00674,0,5,0,0,0,0,0,0,3,1,4,0,0,16,0,2,51,3,4,28,0,0,0,0,0,4,0,0,18,59,0,0
CL00676,0,0,0,0,0,0,0,0,0,0,0,0,0,0,0,0,0,0,0,0,0,0,0,1,0,0,0,0,0,5,0,243
CL00678,0,0,0,0,0,0,0,0,0,0,0,0,0,0,0,0,0,0,0,0,0,0,0,0,0,0,0,0,0,4,3,224
CL00700,0,0,213,0,0,0,0,0,0,0,0,0,0,0,0,0,0,0,0,0,0,0,0,0,3,0,0,0,0,0,0,0
CL00702,0,0,28,0,0,1,0,0,0,14,5,2,0,9,49,0,0,0,2,5,13,2,0,0,7,10,0,0,0,21,26,3
CL00705,0,0,0,0,0,0,0,0,0,0,0,2,0,0,0,0,0,0,0,0,1,1,185,0,0,1,1,0,0,0,0,0
CL00706,0,0,0,0,0,0,0,0,0,0,0,0,0,116,0,0,0,0,0,0,0,0,0,0,0,0,0,2,58,0,0,0
CL00713,0,0,0,0,0,1,0,0,0,2,0,2,1,23,0,113,0,0,0,14,0,0,0,0,0,0,0,0,0,1,1,11
CL00715,113,0,13,4,0,0,0,1,0,0,0,0,0,0,0,0,23,11,60,16,0,0,2,0,0,0,0,0,0,0,1,0
CL00719,4,3,0,0,3,0,2,0,0,22,0,0,2,90,2,8,1,4,0,0,0,0,10,0,2,0,0,0,13,6,0,15
CL00727,0,0,0,0,0,0,0,0,0,0,1,0,0,8,0,0,75,0,0,14,0,0,0,0,0,15,8,3,8,19,56,3
CL00752,0,0,0,0,0,0,0,0,0,0,0,0,0,25,0,58,0,0,0,0,0,0,0,0,0,0,0,0,0,0,93,0
CL00764,0,0,1,0,2,0,10,5,0,0,2,1,0,36,6,45,9,0,0,0,0,5,0,1,0,9,2,0,9,14,3,5
CL00770,0,0,0,0,0,0,0,0,0,0,0,0,0,0,0,0,0,0,0,0,0,0,0,0,0,33,0,0,0,114,0,39
CL00789,0,0,0,0,0,0,0,0,0,0,0,0,107,9,10,32,0,0,0,0,0,0,0,0,0,0,0,0,0,0,0,0
CL00792,0,0,0,0,0,0,0,0,0,0,0,0,10,6,0,88,0,0,0,0,0,0,0,0,2,0,0,3,32,0,8,15
CL00798,0,0,0,0,0,3,56,4,0,14,11,0,0,0,0,0,0,0,0,0,0,0,30,5,11,14,0,13,0,0,0,0
CL00799,0,11,1,0,5,3,15,3,0,7,0,9,0,11,0,3,16,0,8,0,11,21,11,0,0,0,0,7,8,5,5,0
CL00801,0,0,0,0,0,0,11,0,0,0,0,0,2,0,13,0,0,0,0,0,7,0,0,0,0,0,0,0,0,0,151,0
CL00805,0,0,0,0,0,0,0,0,0,0,0,0,0,0,0,71,0,0,0,0,0,0,1,0,0,0,0,0,0,0,0,112
CL00810,0,1,4,8,0,0,3,0,1,0,0,0,24,28,3,17,2,0,11,7,0,0,5,0,4,0,0,0,7,18,0,14
CL00811,0,0,0,0,23,7,25,1,0,0,0,0,0,0,0,0,0,0,0,1,78,17,9,0,0,0,0,0,0,2,1,0
CL00816,0,0,0,0,5,7,29,0,0,14,1,0,8,5,2,6,1,0,0,6,5,7,39,0,0,5,2,11,0,8,0,0
CL00818,11,0,0,0,0,0,0,5,3,3,4,0,0,7,9,20,3,0,0,0,0,0,0,17,15,0,0,0,2,19,23,14
CL00822,0,0,0,0,0,0,0,1,0,0,0,0,0,0,0,0,0,0,0,0,5,0,65,4,9,8,0,0,0,66,0,0
CL00825,20,6,0,0,4,18,7,5,0,62,2,6,0,0,1,0,0,0,0,0,4,0,2,0,0,0,0,0,0,4,0,0
CL00830,0,0,0,0,0,0,0,0,0,0,0,0,0,0,0,0,0,0,0,0,0,0,0,0,0,0,0,0,0,0,157,0
CL00839,0,0,0,0,0,0,0,0,0,0,0,0,0,0,0,0,0,0,0,24,0,0,0,0,25,3,1,65,0,50,0,3
CL00842,0,5,0,0,2,0,0,0,0,0,0,12,0,0,6,0,0,0,136,0,0,0,5,0,18,0,0,0,0,0,0,0
CL00846,0,0,0,0,0,0,0,0,0,0,0,4,0,0,119,0,0,0,0,0,0,0,0,0,14,11,7,0,0,0,11,0
CL00855,0,0,0,0,0,1,0,0,0,0,0,11,0,0,75,0,0,0,0,0,0,2,0,12,41,8,1,2,0,0,11,0
CL00863,0,0,0,0,0,0,0,0,0,0,0,0,0,0,0,0,184,0,0,10,0,0,0,0,0,4,0,0,0,0,0,0
CL00864,0,0,0,0,0,0,0,0,0,0,0,0,0,1,0,1,0,0,0,0,0,0,0,0,0,0,0,0,53,6,0,107
CL00868,0,0,0,0,4,4,13,18,1,4,2,6,0,0,8,3,2,2,5,5,23,24,9,10,6,2,2,1,0,0,4,0
CL00874,0,0,0,6,1,11,12,33,1,6,0,0,0,0,12,0,0,1,1,0,24,30,10,2,0,0,0,0,0,0,1,0
CL00881,0,0,9,0,0,4,0,0,0,0,0,2,29,9,0,16,0,8,0,0,0,0,0,0,0,9,0,0,59,0,1,5
CL00883,0,0,0,0,0,4,0,0,0,0,0,2,19,6,0,0,0,0,0,0,16,6,18,8,0,0,19,31,4,0,0,0
CL00886,0,0,0,0,2,0,0,3,0,3,21,0,0,0,0,0,0,0,0,0,10,10,15,1,21,0,13,13,0,24,0,5
CL00889,0,0,0,0,0,0,0,0,2,0,0,0,0,0,0,0,0,0,0,0,0,0,0,0,0,0,73,78,0,0,0,0
CL00894,0,0,0,0,0,0,0,0,1,1,0,0,16,0,0,4,0,0,0,0,0,0,0,0,0,0,111,6,1,6,0,3
CL00902,0,0,0,0,0,0,0,0,0,0,0,0,0,0,159,0,0,0,0,0,0,0,0,0,0,0,0,0,0,0,0,0
CL00903,0,0,0,0,0,0,0,0,0,0,0,0,17,8,0,4,0,0,0,0,14,0,6,0,16,0,0,0,21,29,29,4
CL00910,0,0,0,0,0,0,0,0,0,0,0,0,21,5,4,0,0,0,0,0,0,0,0,0,0,12,3,0,57,9,37,3
CL00914,0,0,26,5,0,0,0,0,0,0,0,0,17,0,0,0,0,0,63,5,0,0,0,0,0,0,0,0,45,1,0,0
CL00915,0,0,0,0,0,0,0,0,0,0,0,0,0,0,0,12,56,5,1,0,0,0,0,0,1,0,0,0,0,0,5,85
CL00920,0,0,52,0,0,1,0,6,0,1,2,0,0,0,0,6,0,0,14,0,0,0,52,0,0,0,0,0,0,0,0,3
CL00930,0,6,0,24,0,1,0,0,2,0,0,0,0,0,0,0,11,29,12,24,0,3,0,0,5,9,3,26,0,0,0,0
CL00931,0,1,22,0,0,0,0,2,0,1,1,4,0,4,20,8,0,0,13,0,0,0,0,2,8,0,0,2,4,12,33,7
CL00933,0,0,0,0,0,0,0,0,0,0,0,0,0,0,0,0,0,0,0,34,0,0,0,0,0,0,15,0,38,0,64,0
CL00939,0,0,0,0,10,0,1,1,1,12,2,0,0,0,0,0,0,0,0,0,3,0,26,6,0,0,45,24,0,0,0,4
CL00942,0,3,0,17,0,0,0,0,7,0,0,1,10,2,11,8,10,0,0,12,0,0,0,0,8,15,4,0,11,6,5,0
CL00945,0,0,0,0,0,0,0,0,0,0,0,0,0,3,0,8,0,0,8,0,0,0,0,33,0,0,0,0,37,0,3,61
CL00972,0,0,0,0,0,0,0,0,0,1,0,0,0,0,0,0,5,0,7,40,14,3,18,3,7,13,17,7,0,0,0,0
CL00974,0,0,0,6,0,0,0,0,0,0,0,0,0,0,6,16,0,2,18,0,0,0,0,0,3,0,0,0,0,39,17,22
CL00975,16,0,0,0,0,0,0,0,0,0,0,0,0,31,0,0,33,0,0,0,10,2,41,4,0,0,0,1,0,2,0,0
CL00986,0,0,0,3,0,14,0,0,0,0,0,1,0,0,0,0,0,0,0,0,20,7,6,55,27,9,3,0,0,0,0,0
CL00994,0,0,0,0,0,0,0,0,0,0,0,0,0,71,0,0,0,0,0,0,0,0,0,0,0,0,0,0,1,40,0,0
CL00996,0,5,0,0,0,5,0,9,0,0,0,8,21,10,6,34,0,0,0,0,0,17,0,0,0,0,0,0,0,0,0,0
CL01018,0,0,0,0,0,0,0,0,0,0,0,0,0,0,0,0,0,0,0,0,0,0,0,0,0,0,0,0,0,0,0,137
CL01020,0,0,0,0,0,0,0,0,0,0,0,0,0,0,0,0,0,0,0,0,0,0,0,0,0,0,0,0,0,9,0,127
CL01035,0,0,0,0,1,0,80,1,6,0,0,13,0,0,0,0,0,0,0,0,0,0,0,0,14,0,5,0,0,0,0,0
CL01037,0,0,0,0,0,0,0,0,0,0,0,0,0,0,0,0,0,0,0,0,0,0,0,0,0,0,0,0,0,0,0,139
CL01044,0,0,0,0,0,0,0,0,0,0,0,0,0,0,10,0,0,0,0,0,0,0,0,0,0,0,0,0,0,0,102,0
CL01075,0,0,0,0,0,4,0,0,0,3,0,0,61,0,2,17,0,0,0,0,0,0,0,0,0,6,0,0,8,0,2,5
CL01081,12,0,0,0,0,0,0,0,8,0,0,1,0,0,0,0,0,0,1,1,0,3,0,0,18,40,27,0,0,0,0,0
CL01088,0,0,0,0,0,0,0,0,0,0,0,0,0,0,0,0,0,0,0,10,0,0,0,0,109,0,0,0,0,0,0,0
CL01089,0,0,0,0,1,0,110,1,0,0,0,0,0,0,0,0,0,0,0,0,0,0,0,6,0,0,0,0,0,0,0,0
CL01091,0,0,0,0,0,0,0,0,0,0,0,0,53,15,29,0,0,0,0,0,0,0,0,0,0,0,0,0,0,0,0,0
CL01104,0,0,0,0,0,0,0,0,0,0,0,0,0,7,0,56,0,0,0,0,0,0,0,0,0,0,0,0,14,10,6,2
CL01109,0,0,0,0,0,0,0,0,0,0,3,0,0,0,20,21,0,0,0,0,0,0,0,3,0,1,0,0,0,7,49,5
CL01110,0,5,1,3,0,0,0,0,0,0,0,0,0,0,0,0,62,2,20,39,0,0,0,0,0,0,0,0,0,0,0,0
CL01116,0,0,0,0,0,0,0,0,0,0,0,0,0,0,0,85,0,0,0,0,0,0,0,0,0,0,0,0,0,5,0,0
CL01120,10,0,0,4,0,0,0,6,0,0,14,5,0,0,0,0,0,16,11,0,0,0,0,0,5,15,23,4,0,0,0,0
CL01135,0,0,0,0,0,0,0,0,0,0,0,0,0,85,0,0,0,0,0,0,0,0,0,0,0,0,0,0,0,0,0,0
CL01136,0,0,0,0,0,0,0,0,0,0,0,0,0,30,0,0,0,0,0,0,0,0,0,0,0,0,0,0,13,33,0,0
CL01141,0,2,0,0,0,0,0,0,1,0,5,0,5,0,0,66,0,0,0,0,0,0,0,0,0,0,0,0,0,0,0,23
CL01142,0,0,0,0,0,0,0,12,0,0,0,0,1,10,0,1,0,0,0,0,1,9,0,0,0,0,5,13,13,2,0,39
CL01148,0,2,0,0,0,4,11,0,3,3,1,0,1,0,12,0,4,7,0,3,0,0,17,0,5,5,0,1,9,1,0,11
CL01151,38,2,0,20,0,0,0,0,5,0,0,1,0,3,0,0,8,9,8,9,0,0,0,0,0,0,0,0,13,0,0,0
CL01158,0,0,0,0,9,2,66,0,0,0,0,0,0,0,0,0,0,0,0,0,7,9,0,2,0,0,0,0,0,0,0,0
CL01175,0,0,0,0,0,0,0,0,0,0,0,0,0,5,0,0,0,0,8,6,0,0,0,0,0,0,0,0,0,71,0,0
CL01193,0,0,0,0,0,0,0,0,0,0,0,0,0,0,8,0,0,0,0,0,0,0,0,0,0,0,0,0,0,0,90,0
CL01194,0,0,0,0,0,0,0,0,0,0,0,0,10,0,0,0,0,0,0,0,0,7,0,0,0,0,0,75,0,0,0,8
CL01198,0,2,0,36,0,0,0,0,0,0,10,0,0,0,0,0,0,14,0,30,0,0,0,0,0,1,0,0,0,0,0,0
CL01202,0,2,0,6,4,3,2,21,0,9,6,2,0,6,0,1,0,8,3,3,3,6,0,1,2,0,0,0,0,0,3,0
CL01204,0,0,0,0,1,3,0,48,1,3,0,3,0,0,3,1,0,0,0,0,9,15,0,1,1,2,0,0,0,0,1,1
CL01206,0,0,0,0,0,0,0,0,0,0,20,33,0,0,0,0,0,19,0,0,0,0,0,0,0,11,13,0,0,0,0,3
CL01207,0,0,0,0,0,0,0,0,0,0,0,0,0,0,0,0,89,1,8,2,0,0,2,0,0,0,5,2,0,0,0,12
CL01209,0,0,0,0,0,0,17,0,0,55,0,0,0,0,0,0,0,0,0,0,0,0,14,0,0,0,0,0,0,0,0,0
CL01217,0,2,0,0,0,0,0,0,4,0,1,0,0,25,10,1,10,0,13,0,0,0,0,3,0,0,1,0,0,5,12,1
CL01242,14,1,0,0,0,3,3,0,0,15,1,1,32,0,0,0,0,0,0,4,1,3,0,1,0,1,0,15,0,0,0,0
CL01250,0,0,0,0,0,12,3,10,1,9,1,0,0,0,0,0,0,0,1,0,14,13,6,4,4,0,0,0,0,0,0,0
CL01256,0,6,0,1,0,0,0,0,0,0,0,0,4,17,1,5,0,1,6,1,0,0,0,0,0,0,0,0,13,18,1,4
CL01258,0,0,0,0,0,0,0,0,0,0,0,7,1,20,8,9,1,0,0,0,0,0,0,0,0,0,0,0,4,16,10,7
CL01260,0,0,0,0,0,0,0,3,0,0,6,0,0,0,0,13,0,0,0,0,22,0,13,15,9,7,0,0,0,0,0,0
CL01261,0,0,0,5,5,7,8,20,0,3,0,5,0,0,0,0,2,0,2,0,4,22,1,7,0,0,0,0,0,0,0,1
CL01265,0,0,0,0,0,0,0,0,0,12,0,1,0,39,13,0,0,0,0,0,0,0,7,0,0,0,0,9,0,1,0,0
CL01267,0,0,0,0,11,0,0,0,0,0,0,0,0,0,4,0,0,0,0,0,0,4,37,0,0,0,0,0,4,13,0,12
CL01269,0,0,0,0,0,0,0,0,0,0,0,0,0,22,0,10,0,0,0,0,0,0,0,0,1,0,7,8,13,0,14,1
CL01273,0,0,0,0,2,0,0,2,0,0,0,0,0,0,0,0,33,0,0,0,27,2,11,12,10,0,0,0,0,0,0,0
CL01280,0,0,1,1,0,0,0,2,0,0,0,0,0,0,0,0,35,9,16,11,21,0,0,1,0,0,0,0,0,0,0,0
CL01281,0,0,0,0,0,0,0,0,0,0,0,0,0,0,0,25,0,0,0,0,0,0,0,0,0,0,0,0,0,0,0,63
CL01283,0,0,0,0,0,0,0,0,0,0,2,0,0,0,0,3,0,4,0,0,0,0,0,0,0,0,0,0,12,49,1,2
CL01284,0,0,0,0,0,0,0,0,0,0,0,0,6,0,0,52,0,0,0,0,0,0,0,0,0,0,0,0,24,0,0,0
CL01291,0,0,0,0,0,0,29,0,4,4,0,22,0,0,0,0,0,0,0,0,0,0,0,3,14,2,8,7,0,0,0,0
CL01315,0,0,0,0,0,0,0,0,0,0,0,0,0,0,0,32,0,0,0,0,0,0,0,0,0,0,0,0,0,22,0,34
CL01324,0,0,0,0,0,6,1,32,0,6,0,0,0,0,9,1,0,0,2,0,3,8,3,2,1,0,0,0,0,0,7,0
CL01327,0,0,0,0,0,0,0,0,0,27,0,0,0,0,0,0,0,0,0,0,0,0,0,0,4,0,0,48,0,0,0,0
CL01329,0,0,0,0,0,0,2,3,0,0,0,0,0,11,0,8,1,0,0,1,0,0,5,0,0,0,0,4,16,14,4,4
CL01330,0,0,0,0,0,0,0,0,0,0,0,0,0,0,0,0,0,0,0,0,0,2,0,0,0,0,0,0,0,0,0,89
CL01337,0,0,0,0,0,0,59,11,0,0,2,0,0,0,0,0,0,0,0,0,0,0,0,3,0,10,0,0,0,0,0,0
CL01339,0,0,0,0,10,0,7,11,0,0,0,0,0,0,0,0,0,0,0,0,0,14,0,15,0,0,0,30,0,0,0,0
CL01347,0,0,0,0,0,0,0,0,0,0,0,0,0,7,0,39,0,0,0,0,0,0,0,0,0,0,0,0,0,0,0,35
CL01350,0,0,1,0,1,0,0,0,0,2,0,0,0,0,0,8,0,1,14,35,5,3,0,12,0,2,0,4,1,0,0,0
CL01356,0,0,0,0,0,0,0,2,0,0,0,0,0,0,0,15,0,2,5,7,4,4,4,0,0,2,0,0,13,13,5,14
CL01365,0,0,0,0,0,0,0,0,0,0,0,0,0,46,0,0,0,0,0,0,0,1,0,0,0,0,0,2,13,0,0,0
CL01366,0,0,0,0,0,2,0,0,0,0,0,0,0,19,3,6,0,0,0,0,0,0,0,11,0,0,0,0,0,7,13,5
CL01372,0,0,2,4,0,0,0,0,0,26,0,0,0,8,0,3,27,1,2,1,0,0,1,0,0,0,5,1,0,0,0,0
CL01373,0,0,0,0,0,0,0,0,0,0,0,0,0,0,0,0,0,0,0,0,0,0,14,0,0,5,0,6,0,36,0,12
CL01398,0,0,0,0,0,0,0,0,0,0,0,0,0,0,0,0,0,0,0,0,0,0,74,0,0,0,0,0,0,0,0,0
CL01409,0,0,0,0,0,1,0,0,0,5,0,0,0,1,0,0,78,0,3,0,0,0,0,2,0,0,1,4,0,0,0,0
CL01410,0,0,0,6,0,3,0,38,0,4,0,3,0,0,0,0,5,0,4,1,6,6,0,1,0,0,0,0,1,0,2,0
CL01412,0,0,0,0,0,0,0,0,0,0,0,0,0,29,0,0,0,0,0,0,0,0,0,0,0,0,0,0,25,14,0,3
CL01432,0,0,0,0,0,0,0,0,0,0,0,0,0,0,0,0,0,0,0,0,77,0,0,0,0,0,0,0,0,0,0,0
CL01441,0,0,0,0,0,0,0,0,0,0,0,0,0,0,80,0,0,0,0,0,0,0,0,0,0,0,0,0,0,0,0,0
CL01443,0,0,0,0,3,22,26,0,0,0,0,0,0,0,0,0,0,0,0,0,0,8,6,0,0,0,0,0,0,0,0,0
CL01444,0,0,7,9,0,5,0,0,1,5,0,0,0,17,2,2,3,2,0,0,0,0,2,0,0,8,0,0,0,1,0,1
CL01448,0,0,0,0,0,0,0,0,0,0,0,0,0,0,0,4,0,0,0,0,0,0,0,0,0,0,0,0,7,46,0,1
CL01451,0,0,10,0,0,0,0,0,0,0,12,2,0,8,0,0,0,0,0,0,0,0,0,0,29,15,3,1,0,0,0,0
CL01471,0,0,0,0,0,0,0,0,0,0,0,0,63,0,0,0,0,0,0,0,0,0,0,0,0,0,0,0,0,0,0,0
CL01474,0,0,0,0,0,0,0,0,0,0,0,0,0,0,4,0,0,0,0,0,0,0,0,0,0,0,0,0,0,0,77,0
CL01488,0,0,0,0,0,0,0,0,0,0,0,0,0,0,0,0,5,2,0,0,0,0,0,0,0,0,0,0,0,0,59,2
CL01514,0,0,0,0,0,0,0,0,0,0,0,0,0,0,0,0,0,0,0,0,0,0,0,0,0,0,0,0,0,0,71,0
CL01517,0,0,0,0,0,0,0,0,0,0,0,0,0,19,0,0,0,0,0,0,0,0,0,0,0,0,0,0,0,40,0,0
CL01524,0,0,0,0,0,0,0,0,0,0,0,0,0,7,20,0,0,0,4,0,0,0,0,10,0,0,0,0,0,0,24,0
CL01533,10,5,33,1,0,0,0,0,0,0,0,0,0,0,0,0,22,0,0,3,0,0,0,0,0,0,0,0,0,0,0,0
CL01547,0,0,0,0,0,0,0,0,0,0,0,0,0,14,0,0,0,0,0,0,0,0,0,0,0,0,0,0,0,56,0,0
CL01548,71,1,0,0,0,0,0,1,0,0,0,2,0,7,2,0,1,3,0,0,0,0,0,0,3,0,0,0,0,0,0,0
CL01554,0,0,0,0,0,0,0,0,0,0,0,0,0,0,0,0,0,0,0,0,0,0,0,0,0,0,0,0,74,0,0,0
CL01572,0,0,0,0,0,0,0,0,2,0,0,0,29,0,0,0,0,0,0,0,0,0,0,0,0,1,3,0,28,1,0,0
CL01579,0,0,0,0,0,0,0,0,0,0,0,0,0,33,0,0,0,0,0,0,0,0,0,0,2,0,0,0,0,14,0,0
CL01630,31,4,4,1,0,0,0,0,0,0,0,0,0,0,0,0,10,7,5,13,0,0,0,0,0,0,0,0,0,0,0,0
CL01631,0,0,0,0,0,0,0,0,0,0,0,0,16,9,0,3,0,0,0,0,0,0,2,0,0,0,0,0,5,4,1,12
CL01632,0,0,0,0,0,0,0,0,0,0,0,0,0,0,0,0,0,0,0,0,0,0,29,0,0,0,0,0,0,22,0,0
CL01642,0,0,0,0,0,0,0,0,0,0,0,0,0,0,0,3,0,0,0,0,0,0,0,0,0,0,0,0,0,0,0,65
CL01679,0,0,0,0,0,0,0,0,0,0,0,0,0,0,28,0,0,0,0,0,0,0,0,0,0,0,0,0,8,0,21,1
CL01680,0,0,0,0,0,0,6,0,0,0,0,0,0,0,46,0,0,0,0,0,0,0,12,0,0,0,0,0,0,0,0,0
CL01703,1,0,2,0,3,0,1,7,3,5,0,2,0,0,0,0,1,2,1,0,3,10,0,3,6,1,3,0,0,0,0,0
CL01721,0,0,0,3,0,0,0,0,0,0,0,0,0,10,0,0,1,0,0,0,0,10,0,0,0,0,0,4,9,0,2,19
CL01729,0,0,0,0,0,0,0,0,0,0,0,0,0,0,0,0,0,0,0,0,0,0,2,0,0,0,0,61,0,0,0,0
CL01735,0,0,0,0,0,0,0,0,0,0,0,0,24,0,22,7,0,0,0,0,0,0,0,0,0,0,0,0,0,0,0,0
CL01743,0,0,0,0,0,0,0,0,0,0,0,0,16,0,0,31,0,0,0,0,0,0,0,0,0,0,0,0,0,0,0,1
CL01745,0,0,0,0,0,0,0,3,0,0,0,0,0,0,0,0,0,0,0,0,0,3,0,58,1,0,0,0,0,0,0,0
CL01750,0,0,0,0,0,0,0,0,0,0,0,0,0,0,0,15,0,0,0,0,0,0,0,0,0,0,0,0,0,19,0,24
CL01754,0,0,0,0,0,0,0,0,0,0,0,0,0,0,36,0,0,0,0,0,0,0,0,0,0,0,0,0,0,0,23,0
CL01758,0,4,0,7,0,0,0,0,1,10,2,4,0,0,0,0,0,0,0,5,0,0,0,0,0,6,14,0,0,0,0,0
CL01759,0,0,0,0,0,0,0,0,0,0,0,0,0,0,0,0,0,0,0,0,0,0,0,0,0,0,0,0,36,14,0,0
CL01761,0,1,0,0,0,0,0,0,0,6,1,0,2,1,0,4,5,0,3,2,8,2,7,1,0,0,1,5,3,5,1,2
CL01765,1,0,0,4,1,3,0,5,4,6,0,0,0,0,0,1,0,3,4,4,1,1,0,0,3,0,4,0,2,2,0,1
CL01774,2,0,0,5,0,0,0,0,0,0,0,0,0,0,0,0,0,0,17,30,0,0,0,0,5,0,0,0,0,0,0,0
CL01781,0,0,6,3,0,0,0,0,0,0,0,0,0,0,0,0,16,8,0,12,6,4,0,0,1,0,0,0,0,0,0,0
CL01789,0,2,1,2,0,0,1,3,0,11,0,1,0,0,0,0,3,3,3,4,1,0,1,1,4,2,4,4,0,0,0,0
CL01794,0,0,18,0,0,0,0,0,0,0,0,0,0,0,0,0,0,0,5,0,14,0,0,0,0,0,0,0,18,0,0,0
CL01798,0,0,0,0,0,0,0,0,0,0,0,0,0,47,0,0,0,0,0,0,0,0,0,0,0,0,0,0,0,0,0,0
CL01800,0,0,0,0,4,3,0,2,0,1,0,0,0,0,0,0,8,0,0,8,0,0,0,0,0,0,8,0,0,0,0,22
CL01808,0,0,0,0,0,0,1,0,0,0,0,0,0,11,0,0,0,0,0,0,0,0,0,1,0,0,1,0,15,13,0,0
CL01813,0,0,0,0,0,0,0,0,0,0,0,0,0,0,0,0,57,0,0,0,0,0,0,0,0,0,0,8,0,0,0,0
CL01817,0,0,0,0,0,0,0,0,0,2,0,1,0,27,4,0,0,0,0,0,0,0,2,0,0,0,0,0,0,0,0,0
CL01820,0,0,0,0,0,0,0,0,0,0,0,0,0,0,0,0,0,0,0,0,0,46,0,0,0,0,0,0,0,0,0,0
CL01822,0,0,0,0,2,0,0,0,0,12,0,0,0,10,0,0,0,0,0,0,0,3,0,11,0,0,0,0,0,0,0,0
CL01834,0,0,0,0,7,0,0,0,0,0,0,0,0,0,3,0,0,0,0,0,0,24,0,0,0,0,0,0,0,0,0,7
CL01844,0,0,0,2,0,0,0,0,0,0,0,0,3,15,0,7,0,0,2,0,0,0,0,0,0,0,0,0,4,8,1,0
CL01846,0,0,0,0,0,0,0,0,0,0,0,0,0,9,0,6,0,0,0,0,0,0,0,0,0,0,0,0,0,31,0,1
CL01848,0,3,3,0,0,0,0,0,0,0,0,1,0,1,0,1,8,0,3,5,3,1,1,3,7,2,4,0,7,3,0,0
CL01850,0,1,0,3,0,0,1,0,0,0,1,0,0,10,5,1,0,0,0,0,0,3,0,0,0,0,0,0,5,5,12,0
CL01855,0,0,8,0,7,2,2,3,0,0,3,0,0,0,1,0,0,0,0,0,0,0,0,0,24,0,0,0,0,0,2,0
CL01858,0,0,0,0,0,0,0,0,0,0,0,0,0,0,0,29,0,0,0,0,0,0,0,0,0,0,0,0,0,0,9,8
CL01860,0,0,0,0,0,0,0,0,0,0,0,0,0,33,0,0,0,0,0,0,0,0,0,0,0,0,0,0,0,0,0,0
CL01866,0,0,0,0,0,2,0,3,0,0,12,0,0,2,0,0,0,0,0,0,0,0,0,20,0,8,0,0,0,0,2,0
CL01891,0,0,0,0,0,0,0,0,0,1,0,1,0,0,0,0,0,0,0,0,0,0,0,0,55,0,0,0,0,0,0,0
CL01897,0,0,0,0,0,0,0,0,0,0,0,0,0,0,2,0,0,0,0,0,0,0,0,0,0,0,0,0,4,0,38,2
CL01898,0,0,0,0,0,0,0,0,0,0,0,0,40,0,0,4,0,0,0,0,0,0,0,0,0,0,0,0,0,0,0,0
CL01902,0,0,0,0,0,0,0,0,0,0,0,0,0,0,0,0,0,0,0,0,0,0,0,0,0,0,0,0,0,36,0,0
CL01910,0,0,1,0,0,0,0,1,0,0,2,0,0,10,0,20,0,0,0,0,2,0,0,0,0,0,0,0,0,3,0,2
CL01914,0,0,0,0,0,0,0,0,0,0,0,0,0,0,0,0,0,0,0,0,0,0,0,0,0,0,0,0,0,0,0,52
CL01927,0,0,0,0,0,0,0,0,0,0,0,0,0,0,21,0,0,0,0,0,0,0,0,0,0,0,0,0,0,0,24,0
CL01932,0,0,0,0,0,0,0,0,0,0,0,0,0,0,0,0,55,0,0,10,0,0,0,0,0,0,0,0,0,0,0,0
CL01933,0,0,0,0,0,0,0,0,0,0,0,0,0,0,0,0,0,0,0,0,0,0,0,0,50,0,0,0,0,0,0,0
CL01935,0,0,0,0,0,0,0,0,0,4,0,0,0,0,0,0,0,0,0,0,0,0,0,0,0,0,0,42,0,0,0,0
CL01952,0,0,0,0,0,0,0,0,0,0,0,0,0,0,0,0,0,0,0,0,0,0,0,0,0,0,0,0,34,0,0,6
CL01970,0,0,0,0,1,3,5,2,0,0,1,0,0,0,0,6,0,0,0,0,12,0,0,0,0,1,1,0,13,0,0,0
CL01972,0,0,0,0,1,0,0,1,2,0,0,0,0,6,0,1,0,0,0,0,2,0,3,0,13,0,0,0,0,4,0,7
CL01986,0,8,0,12,0,0,0,0,3,0,0,2,0,0,0,0,0,0,0,1,0,0,0,0,5,12,6,0,0,0,0,0
CL02008,0,0,0,0,0,0,0,2,0,0,6,0,0,16,7,0,0,0,0,0,0,0,0,0,0,0,0,0,0,3,0,3
CL02012,0,0,0,0,0,0,0,2,0,0,1,0,0,0,0,0,0,0,0,0,0,15,0,7,0,0,0,24,0,0,0,0
CL02018,0,0,0,0,1,1,6,0,0,0,0,0,0,7,22,0,0,0,1,0,1,5,0,0,0,0,0,0,0,0,0,0
CL02024,0,0,0,0,1,0,1,13,0,0,0,0,0,0,0,1,0,0,0,0,5,0,0,0,0,18,0,0,0,0,0,0
CL02027,0,0,0,0,0,0,0,0,0,0,0,0,0,0,0,0,57,0,0,0,0,0,0,0,0,0,0,0,0,0,0,0
CL02028,0,0,0,0,0,0,2,0,0,22,0,0,6,0,0,0,1,1,0,0,0,1,1,0,0,0,0,7,0,0,0,3
CL02039,0,0,0,0,7,0,11,10,0,0,4,1,0,4,0,0,0,0,0,0,0,1,0,0,0,0,0,0,0,0,0,0
CL02045,0,0,0,0,0,0,0,0,0,0,0,0,0,7,6,0,0,0,0,0,0,6,16,3,0,0,0,0,0,0,0,1
CL02056,0,0,0,0,0,0,0,0,0,0,0,0,7,3,10,2,0,0,0,0,0,0,0,0,0,1,0,0,0,0,14,3
CL02065,0,0,0,0,0,0,0,0,0,0,3,0,0,0,0,0,1,0,0,0,0,0,0,0,0,0,0,0,36,0,0,0
CL02067,0,0,0,0,0,0,0,0,0,0,0,0,0,0,0,0,0,0,0,0,0,0,0,0,0,0,0,0,0,0,39,1
CL02068,0,0,39,0,0,0,0,0,0,0,0,0,0,0,0,0,0,0,0,0,0,0,0,0,0,0,0,0,0,0,0,0
CL02075,0,0,0,0,0,0,0,0,0,0,0,0,0,34,0,0,0,0,0,0,0,0,0,0,0,0,0,0,0,0,0,0
CL02080,0,0,2,0,0,9,0,0,0,0,5,0,0,0,0,13,7,0,0,0,0,0,0,0,1,0,0,0,0,4,0,0
CL02081,0,0,0,0,0,0,0,0,0,0,0,0,0,0,0,0,0,6,0,0,0,0,0,0,42,0,0,0,0,0,0,0
CL02087,0,0,0,4,4,0,0,0,0,0,3,0,0,3,9,0,0,0,0,0,0,0,2,0,14,0,0,0,0,0,0,0
CL02089,0,0,0,0,0,1,0,6,0,1,1,0,0,0,16,0,0,0,0,0,0,3,0,10,2,0,0,0,0,7,0,0
CL02090,0,0,0,0,0,0,0,0,0,0,0,0,0,0,0,0,0,0,0,0,0,0,0,0,0,0,42,0,0,0,0,0
CL02107,0,0,0,0,0,0,0,0,0,0,0,0,0,0,0,0,0,0,0,0,0,0,0,0,0,0,0,48,0,0,0,0
CL02110,0,0,0,0,0,0,0,0,7,0,0,0,0,1,0,0,0,0,0,0,0,0,0,0,0,0,0,0,0,19,0,0
CL02125,0,0,0,1,0,0,0,0,1,0,0,0,3,0,0,0,0,0,3,0,1,2,15,0,0,0,0,0,9,0,0,3
CL02129,0,0,0,0,0,0,0,0,0,0,0,0,0,22,0,0,0,0,0,0,0,0,0,0,0,0,0,0,0,0,0,21
CL02133,0,0,0,0,0,0,0,0,0,0,0,0,0,6,0,1,0,0,0,0,0,0,0,0,0,0,0,0,15,10,3,3
CL02135,0,0,0,0,0,0,0,0,0,0,0,0,0,15,0,0,0,0,0,0,0,0,0,0,0,0,0,0,0,17,0,0
CL02149,0,0,0,7,0,3,2,3,0,0,0,1,0,0,4,3,0,0,1,3,3,1,1,0,1,0,1,0,0,1,1,2
CL02162,0,0,0,0,0,0,0,0,0,0,0,0,0,0,0,0,0,0,1,0,4,0,0,0,0,0,0,0,0,27,0,0
CL02170,0,0,0,0,0,0,0,0,0,0,0,0,0,24,0,0,0,0,0,0,0,0,0,0,0,0,0,0,0,8,0,0
CL02179,0,4,0,3,0,6,0,0,1,0,0,4,0,0,0,0,20,0,5,0,0,0,0,0,0,0,0,0,0,0,0,0
CL02180,0,0,0,0,0,0,0,0,0,0,0,0,0,0,0,0,0,2,0,0,0,0,7,0,0,0,0,28,0,0,0,0
CL02213,0,0,0,0,0,0,0,1,1,0,9,1,0,0,2,3,0,0,9,1,0,0,0,0,0,0,0,0,0,0,9,0
CL02214,0,0,0,0,0,0,0,0,0,0,0,0,0,0,0,0,0,0,0,0,0,0,25,0,0,0,0,8,4,0,0,0
CL02230,0,0,0,0,0,0,0,0,0,3,0,0,14,0,0,1,0,0,0,0,0,0,7,1,0,0,0,0,0,0,0,0
CL02242,0,0,0,0,0,0,0,0,0,0,0,0,0,0,0,0,0,0,0,0,0,0,0,0,0,0,0,0,0,0,35,0
CL02252,0,0,0,0,0,0,0,0,0,0,0,0,0,0,0,0,0,0,5,1,0,0,0,8,1,0,5,0,12,0,0,8
CL02256,0,0,0,0,0,0,0,0,0,0,0,0,0,8,0,0,0,0,0,0,0,0,0,0,0,0,0,0,0,9,0,7
CL02257,0,0,0,0,0,0,0,0,0,0,0,0,0,2,0,14,0,0,0,0,0,0,0,0,0,0,0,0,8,3,1,3
CL02261,0,0,0,3,0,0,0,0,0,32,0,0,0,0,0,0,0,0,0,0,0,0,0,0,0,0,0,0,0,0,0,0
CL02284,0,0,0,0,0,0,0,0,0,0,0,0,0,0,0,0,0,0,0,0,0,0,0,0,0,0,1,0,0,1,36,0
CL02287,0,0,0,0,0,0,0,0,0,4,0,0,0,0,0,0,2,11,19,0,0,0,0,0,0,0,0,0,0,0,1,0
CL02299,0,0,0,0,0,0,4,0,0,0,0,0,0,0,0,0,0,0,0,0,0,0,34,0,0,0,0,0,0,0,0,0
CL02303,0,0,0,0,0,0,0,0,0,0,0,0,0,0,1,0,0,0,0,0,0,0,0,3,0,0,0,0,0,0,11,20
CL02327,0,0,0,0,0,0,0,0,0,0,0,0,0,12,0,20,0,0,0,0,0,0,0,0,0,0,0,0,0,0,0,2
CL02328,0,0,0,0,0,0,0,0,0,0,0,0,0,0,0,0,0,0,0,0,0,0,0,0,0,0,0,0,0,0,0,32
CL02331,0,0,0,0,0,0,0,0,0,0,0,0,1,8,0,3,0,0,0,0,0,0,0,0,0,0,0,0,4,6,1,9
CL02335,0,0,0,0,0,0,0,0,0,0,0,0,0,0,0,0,0,0,0,0,0,0,0,0,0,0,0,0,22,0,0,15
CL02370,0,3,0,8,0,0,0,0,1,0,11,0,0,0,0,0,0,0,0,2,0,0,0,0,0,0,7,0,0,0,0,0
CL02372,0,0,0,0,0,0,0,0,0,0,0,0,0,0,0,0,0,0,0,0,33,0,0,0,0,0,0,0,0,0,0,0
CL02373,0,0,0,3,0,0,0,0,1,2,0,2,0,0,0,0,12,6,1,1,0,0,2,0,0,0,3,0,0,2,0,1
CL02375,0,0,0,0,0,0,0,0,0,0,0,0,0,0,0,0,0,14,0,0,21,0,0,0,3,0,0,0,0,0,0,0
CL02384,0,0,0,0,1,10,0,20,0,0,0,0,0,0,0,0,0,0,0,0,0,0,0,0,0,0,0,0,0,0,0,0
CL02389,0,0,0,0,0,0,0,0,0,0,0,0,0,5,0,10,0,0,0,0,0,0,0,0,0,0,0,0,8,2,0,1
CL02395,0,0,0,0,0,0,0,0,0,0,1,0,0,0,0,17,0,0,0,0,0,0,0,0,0,4,0,0,0,0,0,4
CL02396,0,0,0,0,0,0,0,3,0,0,0,0,0,0,0,0,0,0,0,0,5,12,10,4,0,0,0,0,0,0,0,0
CL02409,0,0,0,0,0,0,0,0,4,0,0,0,0,0,0,11,0,0,1,1,0,0,0,0,11,0,4,0,0,0,0,0
CL02410,0,0,0,0,0,0,0,0,0,0,0,0,0,0,8,0,0,0,0,0,0,0,0,0,0,0,0,0,0,0,22,0
CL02411,0,0,0,0,0,16,0,0,0,0,0,0,0,0,0,0,0,0,0,0,0,0,0,0,2,0,0,9,0,0,0,0
CL02416,0,0,0,0,0,0,0,0,0,0,0,0,14,0,4,0,0,0,0,0,0,0,0,0,0,0,0,0,0,0,0,14
CL02428,0,0,0,0,0,0,0,0,0,0,0,0,0,0,0,0,2,0,0,0,15,3,7,8,0,0,0,0,0,0,0,0
CL02430,0,0,0,0,0,0,0,0,0,4,1,1,0,3,0,0,3,0,10,0,0,0,8,0,0,0,0,3,0,1,0,0
CL02444,0,0,0,0,3,0,1,0,1,3,0,0,0,0,0,0,0,0,0,0,14,0,0,0,0,0,0,6,0,0,0,0
CL02461,0,0,0,0,0,0,0,0,0,0,0,0,0,0,0,0,0,0,2,0,4,2,24,0,0,0,0,0,0,0,0,0
CL02487,0,0,0,0,0,0,0,0,0,0,0,0,0,0,0,0,0,0,0,0,31,0,0,0,0,0,0,0,0,0,0,0
CL02494,0,0,0,0,0,0,0,0,0,0,0,0,0,23,3,4,0,0,0,0,0,0,0,0,0,0,0,0,0,0,0,0
CL02503,0,0,0,0,0,0,0,0,0,0,0,0,0,0,0,0,40,0,0,0,0,0,0,0,0,0,0,0,0,0,0,0
CL02510,0,0,0,0,0,0,0,0,0,0,0,0,26,0,0,0,0,0,0,0,0,0,0,0,0,0,0,0,0,0,0,0
CL02512,0,0,0,0,0,0,0,0,0,0,2,0,0,0,0,11,0,0,0,0,0,0,0,0,0,0,0,0,4,3,2,8
CL02517,0,0,0,0,0,1,0,2,0,3,0,0,1,12,1,3,0,0,0,0,0,0,0,0,0,0,0,0,0,0,0,0
CL02520,4,0,0,0,0,0,0,0,0,0,0,0,0,0,0,11,0,1,0,0,0,0,0,0,0,0,0,0,7,0,5,1
CL02535,0,0,5,0,0,0,0,0,0,0,0,0,0,0,0,0,0,11,0,0,0,0,0,5,0,0,0,0,0,8,0,0
CL02541,0,5,0,0,0,0,0,0,1,0,0,0,0,14,0,2,0,0,0,4,0,0,0,0,0,0,0,0,0,0,0,3
CL02547,2,0,0,0,0,18,0,0,0,0,0,0,0,0,0,0,0,0,0,0,1,0,0,0,0,0,1,6,0,0,0,0
CL02550,0,0,0,0,0,0,0,0,0,0,0,0,0,0,0,8,0,0,0,0,0,0,1,0,0,0,0,0,0,13,0,5
CL02565,0,2,0,8,0,0,0,0,0,1,0,3,0,0,0,0,0,1,0,5,0,0,0,0,2,4,2,2,0,0,0,0
CL02570,0,0,0,0,0,0,0,0,0,1,2,0,0,1,0,13,0,0,0,0,0,4,0,0,1,0,0,0,0,0,0,0
CL02575,0,0,0,0,0,0,0,0,0,0,0,0,0,0,0,0,0,5,0,0,0,0,0,0,30,0,0,0,0,0,0,0
CL02578,0,0,0,0,0,0,0,0,0,0,0,0,0,5,0,0,0,0,0,0,0,0,0,0,0,0,0,0,0,0,24,0
CL02587,0,0,0,0,0,0,0,0,0,0,0,0,0,0,0,0,0,0,0,0,0,0,0,0,0,0,0,0,0,0,0,33
CL02589,4,0,0,2,0,0,0,0,1,7,1,3,0,0,2,1,0,0,0,0,0,0,0,0,0,0,0,0,0,0,0,0
CL02608,0,0,0,0,0,0,0,0,0,0,0,0,0,23,0,0,0,0,0,0,0,0,0,0,0,0,0,0,0,0,0,0
CL02614,0,0,0,0,0,0,0,0,0,0,0,0,6,0,0,0,0,0,0,0,0,0,0,0,0,0,0,0,22,0,0,0
CL02618,0,0,0,0,0,0,0,0,0,0,0,0,0,0,0,0,0,0,0,0,0,2,1,28,0,0,0,0,0,0,0,0
CL02619,0,0,0,0,0,0,0,0,0,0,0,0,0,0,0,0,0,0,0,0,0,0,0,0,0,0,0,0,31,0,0,0
CL02624,0,0,0,0,0,4,0,0,0,0,0,0,0,0,0,0,0,0,0,0,0,6,0,19,3,0,0,0,0,0,0,0
CL02654,0,0,0,0,0,0,0,0,0,0,0,0,0,0,11,0,0,0,0,0,0,0,0,0,0,0,0,0,8,0,2,2
CL02656,0,0,25,0,0,0,0,0,0,0,2,0,0,0,0,0,0,0,0,0,0,0,0,0,0,0,0,0,0,0,0,0
CL02672,0,0,0,0,0,0,0,0,0,0,0,0,0,0,0,6,0,0,0,0,0,0,0,0,0,0,0,0,0,0,0,21
CL02673,0,0,0,0,0,0,0,0,0,0,0,0,0,0,0,0,0,0,0,0,0,0,31,0,0,0,0,0,0,0,0,0
CL02680,0,0,0,0,0,0,0,0,0,0,0,0,0,0,0,0,0,0,0,0,0,0,11,0,0,0,0,0,0,8,0,0
CL02683,0,0,0,0,0,0,0,0,0,0,0,0,0,0,0,0,0,0,0,0,0,0,0,0,0,0,0,0,0,0,0,32
CL02693,0,0,0,0,0,2,3,3,0,3,0,0,0,0,7,0,0,0,0,0,0,1,0,0,3,1,0,0,0,0,1,0
CL02694,0,4,5,4,0,0,0,0,0,0,0,0,0,0,0,0,0,10,0,2,0,0,0,0,0,0,0,0,0,0,0,0
CL02697,0,0,0,0,0,0,0,0,0,0,0,0,0,14,0,3,0,0,0,0,0,0,0,0,0,0,0,0,0,0,0,0
CL02699,0,0,0,10,0,0,0,0,0,0,0,0,3,0,0,0,0,0,0,0,0,0,0,0,0,0,0,0,13,0,0,3
CL02702,0,1,0,5,0,0,0,0,0,0,0,0,0,6,0,3,0,0,0,0,3,2,0,0,0,0,0,0,5,0,0,0
CL02709,0,0,0,0,0,0,0,0,0,0,0,0,0,1,10,1,0,0,0,0,0,0,0,0,0,1,0,0,0,3,12,0
CL02710,0,0,0,0,0,0,0,0,0,0,0,0,0,0,0,19,0,0,0,0,0,0,0,0,0,0,0,0,0,0,0,0
CL02711,0,0,0,3,2,2,0,0,0,3,1,0,5,0,0,2,0,0,2,0,1,1,0,0,1,0,0,0,2,1,0,1
CL02724,0,0,0,0,0,0,0,0,0,0,0,0,0,0,0,0,0,0,0,0,0,0,0,0,0,0,0,0,30,0,0,0
CL02731,0,0,0,0,1,5,0,11,0,1,1,1,0,2,0,0,0,0,0,0,0,0,0,0,0,0,0,0,0,1,0,0
CL02734,0,0,0,0,0,0,0,0,0,0,0,0,2,1,13,7,0,0,5,0,0,0,0,0,0,0,0,0,0,4,0,0
CL02748,0,0,0,0,0,0,0,0,0,0,0,0,0,0,0,0,0,0,0,0,0,0,0,0,0,0,0,0,28,0,0,0
CL02749,0,5,0,0,0,9,0,0,0,0,0,0,11,0,0,0,0,0,0,0,0,0,0,0,0,0,0,0,0,0,0,3
CL02750,0,0,0,0,0,0,0,0,0,0,0,0,8,0,0,0,0,1,9,0,0,0,0,0,0,5,1,0,0,1,0,0
CL02753,0,0,0,0,6,12,0,0,0,0,0,0,0,0,2,0,0,0,0,0,0,0,0,0,0,0,0,0,0,0,0,0
CL02756,0,2,0,0,0,0,0,0,0,0,0,0,0,0,0,0,0,0,4,26,0,0,0,0,0,0,0,0,0,0,0,0
CL02765,0,0,0,0,0,0,0,0,0,0,0,0,0,0,0,0,0,0,0,0,0,0,26,0,0,0,0,0,0,0,0,0
CL02768,0,0,0,0,0,0,0,0,0,0,0,0,0,15,1,0,0,0,0,0,0,0,0,0,0,0,0,0,0,4,0,0
CL02775,0,0,0,0,0,0,6,0,0,2,0,0,0,0,0,12,1,0,0,0,0,0,0,1,0,0,0,0,0,0,0,0
CL02780,0,0,0,0,0,0,0,0,1,0,0,0,0,20,0,0,0,0,0,0,0,0,0,0,0,0,8,0,0,0,0,0
CL02798,0,0,0,0,0,0,0,0,0,0,0,0,0,0,0,0,0,0,0,0,0,0,0,0,0,0,25,0,0,0,0,0
CL02804,0,0,0,0,0,0,0,0,1,0,0,0,5,3,2,2,0,0,2,0,0,0,0,0,0,0,0,0,1,5,1,2
CL02809,0,0,0,0,0,0,0,0,0,0,0,0,7,15,0,0,0,0,0,0,0,0,0,0,0,0,0,0,0,0,0,0
CL02811,0,0,0,17,0,0,0,0,0,0,0,1,0,0,0,0,0,5,0,5,0,0,0,0,0,0,0,0,0,0,0,0
CL02818,0,2,12,0,0,0,3,0,0,0,0,0,5,0,3,0,0,0,0,0,0,0,0,0,0,0,0,0,0,0,0,0
CL02830,0,0,0,3,0,0,0,0,0,0,0,0,0,0,0,0,2,10,0,2,0,0,9,0,0,0,0,0,0,0,0,0
CL02837,0,0,0,0,0,0,0,0,0,0,0,0,0,0,11,4,4,0,0,0,0,3,0,0,0,0,3,0,0,0,0,0
CL02844,0,0,0,0,0,0,2,0,0,0,0,0,3,0,0,0,1,0,0,0,0,4,4,1,1,0,7,4,0,1,2,0
CL02857,0,7,9,12,0,0,0,0,0,0,0,0,0,0,2,0,0,0,0,0,0,0,0,0,0,0,0,0,0,0,0,0
CL02901,0,0,0,0,0,0,0,0,6,6,0,0,0,0,0,0,0,0,0,0,0,0,0,0,9,0,3,0,0,0,0,0
CL02919,0,0,0,0,0,0,0,0,6,0,0,0,0,0,0,0,0,0,0,0,0,0,4,6,0,4,0,6,0,0,0,0
CL02920,0,0,3,5,0,0,0,0,0,0,0,0,0,0,0,0,0,0,20,0,0,0,0,0,0,0,0,0,0,0,0,0
CL02924,0,0,0,0,0,0,0,0,0,0,6,0,0,0,0,1,0,0,0,0,0,0,0,0,0,12,0,0,0,0,0,4
CL02925,0,0,0,0,0,0,0,0,1,0,0,1,0,0,0,0,3,1,6,3,1,1,2,0,2,0,1,5,0,0,0,0
CL02934,0,0,0,0,0,0,0,0,0,0,0,0,0,0,0,0,0,0,0,0,0,0,23,0,0,0,0,0,0,0,0,0
CL02959,0,0,0,0,0,0,0,0,0,0,0,0,2,3,2,6,0,0,0,0,0,0,0,0,0,1,0,0,3,0,2,3
CL02962,0,0,0,0,0,0,0,0,0,0,0,0,0,0,0,0,2,0,0,0,0,0,2,0,0,0,0,0,0,20,0,0
CL02965,0,0,0,0,0,0,0,0,0,0,0,0,0,0,0,0,0,0,0,0,0,0,0,0,0,0,0,0,0,0,0,26
CL02967,0,0,0,0,13,0,0,0,0,0,0,0,0,0,0,0,0,0,0,0,0,5,0,0,0,0,0,0,0,0,1,3
CL02969,0,0,0,0,0,0,0,0,0,0,0,0,0,0,29,0,0,0,0,0,0,0,0,0,0,0,0,0,0,0,0,0
CL02981,0,0,0,0,0,0,0,0,0,0,1,0,0,1,0,0,3,0,0,0,0,0,0,0,0,0,0,0,0,11,0,2
CL02988,0,0,0,0,0,0,0,0,0,0,0,0,10,0,0,0,0,0,0,0,0,0,0,0,0,12,0,0,0,0,0,0
CL02990,0,0,0,0,0,0,0,0,0,0,0,0,0,0,0,0,7,4,12,4,0,0,0,0,0,0,0,0,0,0,0,0
CL02995,0,0,0,0,0,0,0,0,0,0,0,0,2,0,1,0,0,0,0,0,0,0,0,14,0,0,1,0,0,0,0,9
CL02997,0,0,0,0,0,5,0,0,0,0,0,1,6,3,0,0,0,0,0,0,0,0,0,0,0,0,0,3,0,0,0,0
CL03011,0,0,0,0,0,0,0,0,0,0,0,0,20,0,0,0,0,0,0,0,0,0,0,0,0,0,0,0,0,0,0,0
CL03017,0,0,1,2,0,1,0,0,1,0,0,0,0,0,0,1,0,0,0,1,0,0,0,0,2,1,1,0,3,1,2,0
CL03019,0,0,0,0,0,0,0,0,0,0,0,0,0,0,0,0,0,0,28,0,0,0,0,0,0,0,0,0,0,0,0,0
CL03021,0,0,0,0,0,8,0,0,0,0,0,0,0,0,0,0,0,0,0,0,0,13,0,0,0,0,0,0,0,0,0,0
CL03023,0,0,0,0,0,0,0,0,0,0,0,0,0,0,0,0,0,0,2,1,2,1,0,0,1,5,1,0,0,3,6,2
CL03033,0,0,0,0,0,0,0,0,0,0,0,0,0,0,0,0,0,0,0,29,0,0,0,0,0,0,0,0,0,0,0,0
CL03043,0,0,0,1,0,0,0,0,0,0,0,0,0,0,0,0,0,0,0,0,0,0,0,0,0,0,6,0,0,17,0,0
CL03047,0,0,0,0,0,0,0,0,0,0,0,0,0,0,0,0,0,0,0,0,0,0,0,0,0,0,0,25,0,0,0,0
CL03048,0,0,0,0,0,0,0,0,0,0,0,0,5,0,0,0,0,0,10,0,0,0,0,0,0,7,0,0,0,0,2,4
CL03054,0,0,0,0,0,0,0,0,0,0,0,0,0,0,0,0,0,0,0,0,0,0,21,0,0,0,0,0,0,0,0,0
CL03059,0,0,0,0,0,0,0,0,0,0,0,0,1,3,0,8,0,0,0,1,1,0,0,0,0,0,0,0,1,2,0,2
CL03062,4,1,1,0,0,2,0,0,0,0,0,0,3,0,0,0,0,0,0,1,3,0,2,1,3,1,0,0,0,0,0,0
CL03066,0,0,0,0,0,0,0,0,0,0,0,0,0,0,0,0,0,0,0,0,0,0,0,0,0,0,24,0,0,0,0,0
CL03068,0,0,0,0,0,0,0,0,0,0,0,0,0,18,0,0,0,0,0,0,0,0,0,0,0,0,0,0,0,0,0,0
CL03074,0,0,0,0,0,0,0,0,0,0,0,0,6,0,0,0,6,4,0,0,0,0,0,0,0,2,0,0,0,0,0,1
CL03077,0,0,0,0,0,0,0,0,0,0,0,0,0,0,0,0,4,0,0,0,0,0,7,0,9,0,0,0,0,0,0,0
CL03079,0,0,0,0,0,0,0,0,0,0,0,0,0,0,0,0,0,0,0,0,0,0,17,0,0,0,0,0,0,0,0,0
CL03080,0,0,0,0,0,1,0,0,0,0,0,0,0,0,0,0,0,0,27,0,0,0,0,0,1,0,0,0,0,0,0,0
CL03084,0,0,0,0,0,0,0,0,0,2,0,0,5,0,0,0,0,0,0,0,0,0,0,0,0,0,0,8,8,0,0,0
CL03088,0,0,0,0,0,0,0,0,0,0,0,0,0,0,0,0,0,0,11,2,0,0,0,0,0,0,0,0,0,10,0,0
CL03092,0,0,0,0,0,0,0,0,0,0,0,0,0,0,0,0,0,0,0,0,0,1,0,2,8,0,0,1,8,1,0,0
CL03095,0,0,0,1,0,1,0,0,0,0,0,1,0,0,0,0,0,0,0,0,13,3,3,0,0,0,0,2,0,0,0,0
CL03099,0,0,0,0,0,0,0,0,0,5,0,0,0,4,9,1,0,1,0,0,0,0,0,0,0,0,0,0,0,1,1,0
CL03113,0,0,0,0,0,0,0,0,0,0,0,0,0,0,0,0,0,5,0,0,0,0,3,4,0,7,1,0,0,0,0,0
CL03117,0,0,0,1,0,0,0,3,1,1,0,0,0,0,0,0,0,0,3,1,5,3,1,0,3,0,2,0,0,0,0,0
CL03123,0,0,0,0,4,0,3,0,0,0,2,0,0,0,0,0,0,0,0,0,2,6,0,0,0,4,0,0,0,0,0,0
CL03150,0,0,0,0,0,0,0,0,0,0,0,0,0,6,0,2,0,0,1,1,0,0,0,0,0,0,0,0,3,2,0,0
CL03155,0,0,0,0,0,0,0,0,0,0,0,0,1,8,0,9,0,0,0,0,0,0,0,0,0,0,0,0,1,1,2,1
CL03159,0,0,0,0,0,0,0,0,0,0,0,0,0,0,0,0,0,0,0,16,0,6,0,0,0,0,0,0,0,0,0,0
CL03163,3,0,0,0,0,0,0,0,1,0,1,0,0,0,0,0,0,0,2,3,0,4,0,0,9,0,0,0,0,0,0,0
CL03173,0,0,2,0,0,2,1,0,0,0,0,0,0,0,5,1,2,0,0,3,0,0,0,0,1,1,1,0,0,0,1,0
CL03178,0,0,0,0,0,0,0,0,0,0,0,0,0,0,0,0,0,0,0,0,0,0,0,0,0,0,0,0,0,0,28,0
CL03183,0,0,0,0,0,0,0,2,0,0,0,0,11,0,0,0,0,0,0,1,0,0,0,1,0,0,0,0,0,1,0,4
CL03189,0,0,0,0,0,2,0,4,1,1,0,0,0,0,0,2,0,0,0,0,3,2,0,1,0,0,0,0,0,0,0,0
CL03190,0,0,0,0,0,0,0,0,0,0,0,0,0,0,0,0,11,0,0,3,0,0,0,0,0,0,0,0,0,11,0,0
CL03192,0,0,0,0,0,0,0,0,0,0,0,0,0,14,6,0,0,0,0,0,0,0,0,0,0,0,0,0,0,0,0,0
CL03203,0,0,0,0,0,0,0,0,0,0,0,0,0,0,0,0,0,0,0,0,0,0,0,4,0,0,0,0,0,14,0,0
CL03215,0,0,0,0,4,1,0,7,0,0,0,0,0,0,0,0,0,1,1,1,1,4,0,0,0,0,0,0,0,0,0,0
CL03220,0,0,0,0,0,0,0,0,0,0,0,0,0,6,1,0,0,0,0,0,0,0,0,0,0,0,0,0,0,3,3,2
CL03237,0,0,0,0,1,1,3,0,0,5,0,0,0,7,2,3,0,0,0,0,0,0,0,0,0,0,0,1,0,0,0,0
CL03268,0,0,0,0,0,0,0,0,0,0,0,0,0,0,0,0,0,0,0,0,0,0,0,0,0,0,0,0,0,15,0,0
CL03301,0,0,0,1,0,0,0,0,0,0,0,0,0,0,0,0,0,0,0,21,0,0,0,0,0,0,0,0,0,0,0,0
CL03305,7,0,0,1,1,0,0,0,0,0,1,0,0,0,0,0,0,0,0,0,0,4,0,0,2,3,0,2,0,0,0,0
CL03310,0,0,0,0,0,0,0,0,0,0,0,0,0,14,0,0,0,0,0,0,0,0,0,0,0,0,0,0,0,0,0,0
CL03325,0,0,0,0,0,0,0,0,0,0,0,0,0,0,0,0,0,0,0,0,0,0,0,0,0,2,0,0,7,7,0,0
CL03347,0,0,0,0,0,0,0,0,0,0,0,0,0,0,0,0,0,0,0,0,0,0,0,0,0,0,0,0,0,0,0,20
CL03352,0,0,0,0,0,0,0,0,0,0,0,0,0,0,0,0,0,0,0,0,0,0,0,0,0,0,0,0,17,0,0,0
CL03358,0,0,0,0,0,0,0,0,0,0,0,0,0,12,0,0,0,0,0,0,0,0,0,0,0,0,0,0,0,0,0,0
CL03362,0,0,0,0,0,0,0,0,0,0,0,0,0,0,3,0,0,0,0,0,0,0,0,8,0,0,0,0,5,0,5,3
CL03401,0,0,0,0,0,0,0,0,0,0,0,0,0,0,0,0,0,0,0,0,6,10,0,0,0,0,1,0,0,0,0,0
CL03406,0,0,0,0,0,0,0,7,0,0,0,0,0,0,0,0,0,0,0,0,0,0,0,0,0,0,0,0,0,0,0,9
CL03413,0,0,0,0,0,0,0,0,0,0,0,0,2,0,0,0,0,0,0,0,0,0,0,0,0,0,0,0,0,13,0,0
CL03423,0,0,0,0,0,0,0,0,0,0,0,0,0,0,0,2,0,0,0,0,0,0,0,0,0,0,0,0,0,0,11,3
CL03425,0,0,0,0,0,0,0,0,0,0,0,0,0,0,0,0,0,0,0,0,0,0,0,0,0,0,0,20,0,0,0,0
CL03443,0,0,0,0,0,0,0,0,0,0,0,0,0,7,0,0,8,0,0,0,0,0,0,0,0,0,0,0,0,0,0,0
CL03446,0,0,0,0,0,0,0,0,0,0,0,0,0,0,0,0,0,0,19,0,0,0,0,0,6,0,0,0,0,0,0,0
CL03459,0,0,0,0,0,1,0,0,0,0,0,0,0,0,0,0,0,0,0,0,2,15,0,0,0,0,0,0,0,0,0,0
CL03468,0,0,0,0,0,0,0,0,0,0,0,0,0,0,0,0,1,0,0,0,0,0,9,0,0,0,0,0,0,2,0,0
CL03473,0,0,0,0,0,0,0,0,0,0,17,0,0,0,0,0,0,0,0,0,0,0,0,0,0,0,0,0,0,0,0,0
CL03478,0,0,0,0,0,0,0,0,0,0,0,0,0,0,0,0,0,0,0,0,1,0,9,1,0,0,0,0,0,0,0,5
CL03480,0,0,0,0,0,0,0,0,0,0,0,1,0,4,0,2,0,0,0,0,0,0,0,0,0,0,0,0,1,3,1,0
CL03484,0,0,0,0,0,0,0,0,0,0,0,0,0,0,0,0,0,0,0,0,4,0,16,0,0,0,0,0,0,0,0,0
CL03486,0,0,0,0,0,0,0,0,0,0,0,0,0,1,0,7,0,0,0,0,1,2,0,0,1,0,0,0,1,0,4,1
CL03494,0,0,0,0,0,0,0,0,0,0,0,0,11,0,0,4,0,0,0,0,0,0,0,0,0,0,0,0,3,0,0,0
CL03502,0,0,0,0,0,0,0,0,0,0,0,0,0,0,0,0,0,0,0,0,0,0,0,0,0,0,0,19,0,0,0,0
CL03504,0,0,0,0,0,0,0,0,0,0,0,0,0,2,0,10,0,0,0,0,0,0,0,0,0,0,0,0,0,0,0,5
CL03550,0,0,0,0,0,0,0,0,0,0,0,0,0,0,0,0,23,0,0,0,0,0,0,0,0,0,0,0,0,0,0,0
CL03554,0,0,0,0,0,0,0,16,0,0,0,0,0,2,0,0,0,0,0,0,0,0,0,0,0,0,0,0,0,0,0,0
CL03556,0,0,0,0,0,0,0,0,3,0,0,0,0,5,0,2,0,0,0,0,0,0,0,0,0,0,0,0,0,0,0,4
CL03558,1,0,0,0,0,0,0,0,0,0,0,2,0,0,0,0,0,0,0,0,11,0,3,0,0,0,0,0,0,1,0,0
CL03570,0,0,0,0,0,0,0,0,0,0,0,0,7,2,0,0,0,0,0,0,0,0,0,0,0,0,0,0,0,2,4,0
CL03587,0,6,0,2,0,0,0,0,0,0,0,0,0,0,0,0,0,3,0,6,0,0,0,0,0,0,0,0,0,0,0,0
CL03591,0,0,0,0,0,0,0,0,0,0,0,0,0,0,0,0,0,18,0,0,0,2,0,0,0,0,0,0,0,0,0,0
CL03593,0,0,0,0,0,0,0,0,0,0,0,0,0,1,0,0,0,0,0,0,0,0,0,0,0,0,0,0,4,1,0,17
CL03601,0,0,0,0,0,0,0,0,0,0,0,0,0,0,0,0,0,0,0,0,0,3,13,0,0,0,0,0,0,0,0,0
CL03609,0,3,0,0,0,0,0,0,0,5,0,0,0,0,0,5,0,0,0,0,0,0,2,0,0,0,0,0,0,0,0,0
CL03624,0,0,0,0,0,0,0,0,0,0,0,0,0,0,0,0,0,0,0,0,0,0,0,0,0,0,0,0,0,0,19,0
CL03630,0,0,0,0,0,0,0,0,0,0,0,0,0,0,0,0,0,0,0,0,0,15,0,0,0,0,0,0,0,0,0,0
CL03632,0,0,0,0,0,0,0,0,0,4,0,2,6,0,1,1,0,0,0,0,0,0,0,0,0,0,0,0,0,0,0,0
CL03642,0,0,0,0,0,0,0,0,0,0,0,0,0,0,0,0,0,0,0,0,0,0,10,6,0,0,0,0,0,0,0,0
CL03643,0,0,0,0,0,0,0,0,0,0,0,0,0,0,0,18,0,0,0,0,0,0,0,0,0,0,0,0,0,0,0,0
CL03662,0,0,0,0,0,0,0,0,0,0,0,0,0,0,0,0,0,0,0,0,0,0,0,0,0,0,0,0,0,16,0,0
CL03668,0,0,0,0,0,0,0,0,0,0,0,0,0,0,2,0,0,0,0,0,0,0,12,0,2,0,0,0,0,1,0,0
CL03670,0,0,0,0,0,0,0,0,1,3,0,5,0,0,0,0,0,0,0,0,0,0,0,0,1,0,0,0,0,0,0,0
CL03671,0,0,0,4,0,0,0,0,0,0,0,0,0,0,1,0,0,0,0,0,0,2,0,0,4,0,0,6,0,0,0,0
CL03681,0,0,0,0,0,0,0,0,0,20,0,0,0,0,0,0,0,0,0,0,0,0,0,0,0,0,0,0,0,0,0,0
CL03689,0,0,0,0,0,0,0,0,0,0,0,0,0,0,0,0,0,0,0,0,0,0,0,0,0,0,0,0,15,0,0,0
CL03700,0,0,0,0,0,0,0,0,0,8,0,0,0,0,0,5,0,0,0,0,0,0,0,0,0,0,0,0,0,0,0,0
CL03706,0,0,0,0,0,0,0,0,0,0,0,0,0,10,0,0,0,0,0,0,0,0,0,0,0,0,0,0,0,0,0,0
CL03708,0,0,0,0,0,0,4,2,0,1,0,0,0,0,8,0,0,0,0,0,0,0,0,0,0,0,0,0,0,0,0,0
CL03711,0,0,0,0,0,0,0,0,0,0,0,0,0,0,0,0,0,0,0,0,0,0,0,0,0,0,4,0,0,10,0,0
CL03714,0,0,0,0,0,0,0,0,0,0,0,0,0,0,0,1,0,0,0,0,0,0,15,0,1,0,0,0,0,0,4,0
CL03722,0,0,0,0,0,0,0,0,0,0,0,0,0,7,0,0,0,0,0,0,0,0,0,0,0,0,0,9,0,0,0,0
CL03727,4,0,0,0,0,1,0,0,2,0,1,0,0,0,1,0,0,1,3,3,1,0,0,0,0,0,0,0,0,0,0,0
CL03730,0,0,0,0,0,0,0,0,0,0,0,0,0,0,0,0,0,0,0,0,0,0,0,0,0,0,0,0,0,12,0,0
CL03736,0,0,0,0,3,1,0,0,0,0,4,1,3,0,1,0,0,0,0,0,0,0,0,0,0,0,0,0,0,0,0,0
CL03744,0,0,0,0,0,0,0,0,0,0,0,0,0,0,0,0,0,0,5,0,0,6,7,0,0,0,0,0,0,0,0,0
CL03749,0,0,0,0,0,0,0,0,0,0,0,0,0,0,0,0,0,0,0,0,0,12,0,6,0,0,0,0,0,0,0,0
CL03752,0,0,0,0,0,0,0,0,0,0,0,0,0,13,0,0,0,0,0,0,0,0,0,0,0,0,0,0,0,0,0,0
CL03759,0,0,0,0,0,0,0,0,0,0,0,0,0,0,0,0,0,0,0,0,0,0,0,0,14,0,0,0,0,0,0,0
CL03788,0,0,0,0,0,0,0,0,0,0,0,0,0,0,0,0,0,0,0,0,0,0,0,0,0,0,15,0,0,0,0,1
CL03801,0,0,0,0,0,0,0,0,0,0,0,0,0,3,0,4,0,0,0,0,0,0,0,0,0,0,0,0,0,3,2,0
CL03805,0,0,0,0,0,0,0,0,0,0,0,0,0,9,0,0,0,0,0,0,0,0,0,0,0,0,0,0,0,1,0,0
CL03831,0,0,0,0,0,0,0,0,0,0,0,0,0,4,0,7,0,0,0,0,0,0,0,0,0,0,0,0,0,1,2,3
CL03839,0,0,0,0,0,0,0,0,0,0,0,0,0,0,17,0,0,0,0,0,0,0,0,0,0,0,0,0,0,0,0,0
CL03840,0,0,0,0,0,0,0,0,0,0,0,0,0,0,5,0,0,0,0,0,0,3,0,0,0,1,0,0,0,0,10,0
CL03844,0,0,0,0,0,0,0,0,0,0,0,0,0,2,0,0,0,0,0,0,0,0,0,0,0,0,0,0,0,0,0,14
CL03863,0,0,0,0,0,4,0,0,2,0,0,0,0,0,0,0,0,0,0,0,0,0,0,0,8,0,0,0,0,0,0,0
CL03864,0,0,0,4,1,1,0,0,0,4,0,0,0,0,1,0,0,0,0,0,0,0,0,0,2,0,0,0,0,0,0,0
CL03894,1,0,0,0,0,0,3,0,2,2,1,0,3,1,0,0,0,0,0,0,0,0,0,0,0,0,0,0,0,0,0,0
CL03898,0,0,0,0,0,0,0,0,0,0,0,0,0,0,6,11,0,0,0,0,0,0,0,0,0,0,0,0,0,0,0,0
CL03904,0,0,0,0,8,3,0,0,0,0,0,0,0,0,1,0,0,0,0,0,0,0,0,0,0,0,0,0,0,0,0,0
CL03913,0,0,0,0,0,0,0,0,0,0,0,0,0,0,15,0,0,0,0,0,0,0,0,0,0,0,0,0,0,0,0,0
CL03922,0,0,0,0,0,0,0,0,0,0,1,0,0,0,2,6,0,0,0,0,0,0,0,0,0,1,0,0,0,0,0,2
CL03925,0,0,0,0,0,0,0,0,3,0,0,0,0,5,0,0,0,4,0,0,0,0,0,0,1,0,0,0,0,0,0,0
CL03929,0,0,0,0,0,0,0,0,0,0,0,0,0,0,0,0,0,0,0,0,3,4,6,0,2,0,1,1,0,0,0,0
CL03953,0,0,0,0,0,0,0,0,0,0,0,0,0,0,0,0,0,0,0,0,0,0,0,0,0,0,0,0,0,8,0,5
CL03959,0,0,0,0,0,0,0,0,0,0,0,0,0,0,0,0,0,0,0,13,0,0,0,0,2,0,1,0,0,0,0,0
CL03965,0,0,0,0,0,0,0,0,0,0,0,0,0,0,0,0,0,0,0,0,0,0,0,0,0,0,1,4,4,1,0,3
CL03969,0,0,0,0,0,0,0,0,0,0,0,0,0,0,0,0,0,0,0,0,4,5,5,1,2,0,0,0,0,0,0,0
CL03972,0,0,0,1,0,0,0,0,0,0,0,1,0,0,0,0,1,2,5,0,1,3,0,0,0,0,2,0,0,0,0,0
CL03988,0,0,0,0,0,0,0,0,0,0,0,0,0,6,0,0,0,0,0,0,0,0,0,0,0,0,0,0,0,10,0,0
CL04000,0,0,0,0,0,0,0,0,0,0,0,0,0,0,0,0,0,0,0,0,0,0,0,0,0,0,0,0,0,3,6,0
CL04003,0,0,0,0,0,0,0,0,0,0,0,0,0,0,0,0,0,0,0,0,0,0,0,0,15,0,0,0,0,0,0,0
CL04010,0,0,0,0,0,0,0,0,0,0,0,0,0,10,1,0,0,0,0,0,0,0,0,0,0,0,0,0,0,0,0,0
CL04045,0,0,0,0,0,0,0,0,0,0,3,0,0,0,0,7,0,0,0,0,0,0,0,0,0,0,0,0,0,0,0,0
CL04046,0,0,0,0,0,0,0,0,0,0,0,0,0,0,0,0,0,0,0,0,0,0,0,0,15,0,0,0,0,0,0,0
CL04049,2,0,1,3,0,0,0,0,0,0,0,0,0,2,7,0,0,0,0,0,0,0,0,0,0,0,0,0,0,0,0,0
CL04050,0,0,0,0,0,0,0,0,0,0,0,0,0,0,0,0,0,0,0,0,0,0,0,0,0,0,17,0,0,0,0,0
CL04054,0,0,0,0,0,0,0,0,2,0,0,6,0,0,0,0,0,1,0,0,0,0,0,0,0,0,0,0,0,0,0,0
CL04055,0,0,0,0,0,0,0,0,0,0,0,0,0,0,0,0,0,0,0,4,0,0,0,0,0,0,0,0,0,0,0,10
CL04060,0,0,0,0,0,0,0,0,0,0,0,0,0,0,0,0,0,0,0,0,0,0,0,0,0,0,0,0,1,10,1,0
CL04061,0,0,0,0,0,0,0,0,0,0,0,0,0,0,0,11,0,0,0,0,0,0,0,0,0,0,0,0,0,0,0,0
CL04066,0,0,0,0,0,0,0,0,0,0,0,0,0,4,0,0,0,0,0,0,0,0,0,0,0,0,0,0,0,0,0,8
CL04088,0,0,0,0,0,0,0,0,0,0,0,0,0,5,0,0,0,0,0,0,0,0,0,0,0,0,0,0,5,3,0,0
CL04092,0,0,0,0,0,0,0,0,0,0,0,0,0,0,0,10,0,0,0,0,0,0,0,0,0,0,0,0,0,0,0,2
CL04118,0,0,0,0,0,0,0,0,0,0,0,0,0,0,0,2,0,0,0,0,0,0,0,0,0,0,11,0,0,0,0,1
CL04121,0,0,0,0,0,0,0,0,0,0,0,0,0,0,0,0,0,0,0,0,0,0,3,0,2,0,0,6,0,0,0,2
CL04143,0,0,0,0,0,0,0,0,0,0,0,0,0,0,15,0,0,0,0,0,0,0,0,0,0,0,0,0,0,0,0,0
CL04145,0,0,4,0,0,0,0,0,0,0,0,0,0,0,0,0,1,1,0,2,0,0,0,0,0,0,0,0,0,3,0,1
CL04164,0,0,0,0,0,0,1,0,0,2,0,0,0,4,0,0,1,0,0,0,1,0,2,0,0,0,0,0,0,1,0,0
CL04184,0,0,0,0,0,0,0,8,0,0,0,0,0,0,0,0,0,0,0,0,0,4,0,0,0,0,0,0,0,0,0,0
CL04185,0,0,0,0,0,0,0,0,0,0,0,0,0,0,0,0,1,0,1,0,0,0,1,0,3,1,4,3,1,0,1,0
CL04211,0,0,0,0,0,0,0,0,0,0,0,0,0,0,0,0,0,0,0,0,0,11,0,0,0,0,0,0,0,0,0,0
CL04219,0,0,0,0,0,0,0,0,0,0,0,0,0,0,0,12,0,0,0,0,0,0,0,0,0,0,0,0,0,0,0,0
CL04223,0,0,0,0,0,0,0,0,0,0,0,0,0,0,0,0,0,0,0,0,0,0,0,0,0,0,0,0,9,0,1,0
CL04224,0,0,0,0,0,0,0,0,0,0,0,0,0,0,15,0,0,0,0,0,0,0,0,0,0,0,0,0,0,0,0,0
CL04225,0,0,0,0,0,2,0,0,0,0,0,0,0,0,0,0,0,0,0,5,0,4,0,0,0,0,0,0,0,0,0,0
CL04228,0,0,0,0,0,0,0,0,0,0,0,0,0,0,0,0,2,2,1,0,0,1,2,0,1,0,5,0,0,0,0,0
CL04239,0,0,0,0,0,0,0,0,0,0,0,0,0,0,4,7,0,0,0,0,0,0,0,0,0,0,0,0,0,0,0,0
CL04248,0,0,0,0,0,0,0,0,1,5,0,0,0,0,0,0,0,0,0,0,0,0,0,0,0,0,0,0,0,0,0,0
CL04258,0,0,0,0,0,0,0,0,0,0,0,0,0,4,0,2,0,0,0,0,0,0,0,0,0,0,0,0,0,1,3,2
CL04260,0,0,0,0,1,1,1,1,0,0,0,0,0,0,0,1,0,0,0,1,2,3,2,1,2,0,0,0,0,0,0,0
CL04265,11,1,0,0,0,0,0,0,0,0,2,0,0,0,1,0,0,0,0,0,0,0,0,0,0,0,0,0,0,0,0,0
CL04271,0,0,0,0,0,0,0,0,0,0,0,0,0,9,0,0,0,0,0,0,0,0,0,0,0,0,0,0,0,0,0,2
CL04275,0,0,0,0,0,0,0,2,0,0,0,0,0,8,0,0,0,0,0,0,0,0,0,0,0,0,0,0,0,0,0,0
CL04280,0,0,0,0,0,0,0,0,0,0,0,0,0,0,0,0,0,0,0,0,0,0,0,0,0,0,0,0,11,1,0,0
CL04287,0,0,0,0,2,0,0,0,0,0,0,0,0,0,0,2,0,0,0,0,0,0,0,0,4,0,0,0,0,1,0,0
CL04296,0,0,0,0,0,1,0,0,0,0,0,0,0,0,0,0,7,0,0,0,1,0,0,0,5,0,0,0,0,0,0,0
CL04297,0,0,0,0,0,0,0,0,0,6,0,0,0,0,0,0,0,0,0,0,0,0,0,0,0,0,0,0,0,0,0,0
CL04332,0,0,0,0,0,0,0,0,0,0,0,0,0,0,10,0,0,0,0,0,0,0,0,0,0,0,0,0,0,0,5,0
CL04338,0,0,0,0,0,0,0,0,0,0,0,0,0,0,0,0,0,0,0,0,0,0,0,0,0,0,0,0,0,0,12,0
CL04365,0,0,0,0,0,0,0,0,0,0,0,0,0,0,0,0,0,0,0,0,0,0,0,0,0,0,0,0,0,0,0,9
CL04367,0,0,0,0,0,0,0,0,0,0,0,0,0,0,0,0,0,0,0,0,0,0,0,0,0,5,0,0,0,0,0,5
CL04372,0,0,0,0,0,0,0,0,0,0,0,0,0,0,0,0,0,0,0,0,0,0,13,0,0,0,0,0,0,0,0,0
CL04378,0,0,0,0,0,0,0,0,0,0,0,0,0,0,0,7,0,0,0,0,0,0,0,0,0,0,0,0,0,0,0,0
CL04383,0,0,0,0,0,0,0,0,0,0,0,0,4,3,0,3,0,0,2,0,0,0,0,0,0,0,0,0,0,0,0,0
CL04385,0,0,0,0,0,0,0,0,0,0,0,0,1,2,0,0,0,0,0,0,0,0,0,0,0,0,0,0,0,1,2,0
CL04396,0,0,0,0,0,0,0,0,0,0,0,0,0,7,0,0,0,0,0,0,0,0,0,0,0,0,0,0,0,0,0,0
CL04411,0,0,0,0,1,4,1,0,0,0,1,0,0,0,0,0,0,0,0,0,0,0,0,0,0,0,0,0,0,0,0,0
CL04419,0,0,0,0,0,0,0,0,0,0,0,0,0,3,0,0,0,0,0,0,0,0,0,0,0,13,0,0,0,0,0,0
CL04432,0,0,0,0,0,0,0,0,0,0,0,0,0,0,0,0,0,0,0,0,0,0,0,0,0,0,0,0,0,6,0,0
CL04433,0,0,0,0,0,0,3,1,0,2,0,2,0,0,1,0,0,0,1,0,0,0,0,0,1,0,0,4,0,0,0,0
CL04453,0,0,0,0,0,0,1,4,0,0,0,0,0,0,0,0,0,0,1,1,0,1,0,0,0,0,1,0,0,0,1,0
CL04471,0,0,0,0,0,0,0,0,0,0,0,0,11,0,0,0,0,0,0,0,0,0,0,0,0,0,0,0,0,0,0,0
CL04475,0,0,0,0,0,1,1,0,0,0,0,0,0,3,2,0,0,0,0,0,0,0,0,0,0,0,0,0,0,0,0,0
CL04477,0,0,0,0,0,0,0,0,0,0,0,0,0,0,5,0,0,0,0,0,0,0,0,0,0,0,0,0,0,0,2,0
CL04515,0,0,0,0,0,0,0,0,0,0,0,0,0,0,0,0,0,0,0,0,0,0,0,9,0,0,1,0,0,0,0,4
CL04521,0,0,0,0,0,0,0,0,0,0,1,0,0,0,0,0,0,0,0,0,0,0,0,0,0,4,0,0,0,0,3,0
CL04523,0,0,0,0,0,0,0,0,0,0,0,0,0,0,0,0,0,0,0,0,0,0,0,0,0,0,0,0,0,0,0,12
CL04528,0,0,0,0,0,0,0,0,0,0,0,0,0,0,0,0,0,0,0,0,0,0,0,0,8,0,0,0,0,0,0,0
CL04529,0,0,0,0,0,1,0,0,0,1,0,0,0,0,0,0,0,0,0,0,0,6,0,0,0,0,0,2,0,0,0,0
CL04539,0,0,0,0,0,0,0,0,0,0,0,0,0,0,0,0,0,0,0,0,0,0,0,0,7,0,0,3,0,0,0,0
CL04540,3,0,1,1,0,0,0,0,0,1,1,0,2,0,0,2,0,1,0,0,0,0,0,0,0,1,0,0,0,0,0,0
CL04542,0,0,0,0,0,0,12,0,0,0,0,0,0,0,0,0,0,0,0,0,0,0,0,0,0,0,0,0,0,0,0,0
CL04550,0,0,0,0,0,0,0,0,0,0,0,0,3,0,0,4,0,0,0,0,0,0,0,0,0,0,0,0,0,0,0,3
CL04565,0,4,0,4,0,0,0,0,0,0,0,0,0,0,0,0,0,0,0,0,0,0,0,0,0,0,0,0,0,0,0,0
CL04570,0,0,0,0,0,1,0,0,0,0,0,0,0,0,0,0,0,1,2,0,1,1,0,1,0,0,1,0,0,0,0,0
CL04582,0,0,0,0,0,0,0,0,0,0,0,0,0,0,0,0,0,0,0,0,10,0,0,3,0,0,0,0,0,0,0,0
CL04598,0,0,0,0,0,0,0,0,0,3,0,0,0,6,0,0,0,0,0,0,0,0,0,0,4,0,0,0,0,0,0,0
CL04611,0,0,0,0,0,0,0,0,0,0,0,0,14,0,0,0,0,0,0,0,0,0,0,0,0,0,0,0,0,0,0,0
CL04613,0,0,0,0,0,0,0,0,0,0,0,0,0,1,0,5,0,0,0,0,0,0,0,0,0,0,0,0,2,0,0,2
CL04621,0,0,0,0,0,0,0,0,0,0,0,0,13,0,0,0,0,0,0,0,0,0,0,0,0,0,0,0,0,0,0,0
CL04631,0,0,0,0,0,0,0,0,0,0,0,0,1,5,2,0,0,0,0,0,0,0,0,0,0,0,0,0,0,2,0,2
CL04637,0,0,0,0,0,0,0,0,0,0,0,0,0,0,0,0,0,0,0,0,0,0,0,0,0,0,0,0,2,0,0,9
CL04642,0,0,0,0,0,0,0,8,0,0,0,0,0,0,0,0,0,0,0,0,0,0,0,0,0,0,0,0,0,0,0,0
CL04657,0,0,0,0,0,0,0,0,0,0,0,0,0,0,0,0,0,0,0,0,0,0,0,0,0,0,0,0,0,11,0,0
CL04658,0,0,0,0,0,0,0,0,0,0,0,1,0,0,0,1,0,0,0,0,0,0,0,0,0,0,0,0,0,3,1,0
CL04664,0,0,0,0,0,0,0,0,0,0,0,0,0,0,0,0,0,0,0,0,0,0,0,0,0,0,1,0,0,8,0,0
CL04670,0,0,0,0,0,0,0,10,0,0,0,0,0,0,0,0,0,0,0,0,0,0,0,0,0,0,0,0,0,0,0,0
CL04682,0,0,0,0,0,0,0,0,0,0,0,0,0,0,0,0,0,0,0,0,0,0,0,0,0,0,0,0,0,3,3,0
CL04692,0,0,0,0,0,0,0,0,0,0,0,0,0,0,0,0,0,0,0,0,0,0,0,0,0,0,0,0,0,9,0,0
CL04725,0,0,0,0,0,0,0,0,0,0,0,0,0,0,0,0,0,0,1,0,11,0,0,0,0,0,0,0,0,0,0,0
CL04741,0,0,0,0,0,0,0,0,0,0,0,0,0,0,0,0,0,0,0,0,0,0,0,0,0,0,0,2,1,0,0,8
CL04750,0,0,0,0,0,0,0,0,0,0,0,0,0,0,0,1,0,0,6,0,0,0,0,0,0,0,0,0,0,0,0,2
CL04756,0,0,0,0,0,0,0,0,0,0,0,0,0,8,0,0,0,0,0,0,0,0,0,0,0,0,0,0,0,0,0,1
CL04764,0,0,0,0,0,0,0,4,1,0,0,0,0,0,0,0,0,0,0,0,0,1,0,0,0,0,0,0,0,0,0,0
CL04790,0,0,0,0,0,0,0,0,0,0,0,0,0,0,0,0,1,0,1,0,0,6,0,0,0,1,1,0,0,0,0,0
CL04792,0,0,0,0,0,0,0,0,0,0,0,0,0,0,0,7,0,0,0,0,0,0,0,0,0,0,0,0,0,0,0,0
CL04798,0,0,0,0,0,0,0,0,0,0,0,0,0,0,0,0,0,0,0,0,0,0,0,0,0,0,0,0,0,3,0,0
CL04799,0,0,0,0,0,0,0,7,0,0,0,1,0,0,0,0,0,0,0,0,0,0,0,0,0,0,0,0,0,0,0,0
CL04818,0,0,0,0,0,0,0,0,0,0,0,0,0,2,0,0,0,0,0,0,0,2,0,0,0,0,1,1,0,1,0,0
CL04819,0,0,0,0,0,1,2,0,0,0,2,0,0,0,0,0,0,0,0,0,0,0,3,0,0,0,0,0,0,0,1,0
CL04845,0,4,0,0,0,0,0,1,0,0,2,0,0,0,0,0,0,0,0,0,0,0,0,0,0,0,0,0,0,0,0,0
CL04851,0,0,0,0,0,0,0,0,0,0,0,0,0,0,0,0,0,0,0,0,0,0,0,0,0,0,0,0,0,9,0,0
CL04856,0,0,0,0,0,0,0,0,0,0,0,0,0,0,0,0,0,0,0,0,0,0,0,0,0,0,0,0,7,1,0,0
CL04862,0,0,10,0,0,0,0,0,0,0,0,0,0,0,0,0,0,0,0,0,0,0,0,0,0,0,0,0,0,0,0,0
CL04863,0,0,0,0,0,0,0,0,0,0,0,0,5,0,2,0,0,0,0,0,0,0,0,0,0,0,0,0,0,0,1,0
CL04864,0,0,0,0,0,0,0,0,0,0,0,0,0,0,0,0,0,0,2,1,1,3,0,1,0,2,1,1,0,0,0,0
CL04881,5,0,0,0,0,0,0,0,0,0,0,0,0,0,0,3,0,0,0,1,0,0,0,0,0,0,0,0,1,0,0,0
CL04921,0,0,0,0,0,0,0,0,0,0,0,0,0,9,0,0,0,0,0,0,0,0,0,0,0,0,0,0,0,0,0,0
CL04922,0,0,0,0,0,0,0,3,0,0,0,1,0,0,0,0,0,0,0,0,2,1,0,1,0,0,0,0,0,0,0,0
CL04929,0,0,2,2,0,0,0,0,0,0,0,0,0,0,0,0,0,2,0,2,0,0,0,0,0,0,1,0,1,0,0,0
CL04931,0,0,0,0,0,0,0,0,7,0,0,0,0,0,0,0,0,0,0,0,0,0,0,0,0,0,0,0,0,0,0,0
CL04933,0,0,0,0,0,0,7,0,0,0,0,0,0,0,0,0,0,0,0,0,3,0,0,0,0,0,0,0,0,0,0,0
CL04942,0,0,0,0,0,0,0,0,0,0,0,0,0,0,0,0,0,0,0,0,0,0,0,0,0,0,11,0,0,0,0,0
CL04950,0,0,0,0,0,0,0,0,0,0,0,0,0,0,1,0,0,0,0,0,0,9,0,0,0,0,0,0,0,0,0,0
CL04954,0,0,0,0,0,0,0,0,0,0,0,0,0,0,0,0,0,0,0,0,0,0,0,0,0,0,0,0,0,0,0,13
CL04969,0,0,0,0,0,0,0,0,0,0,0,0,0,3,0,4,0,0,0,0,0,0,0,0,0,0,0,0,1,2,0,1
CL04970,0,0,0,0,0,0,0,0,0,0,0,0,2,1,0,5,0,0,0,0,0,0,0,0,0,0,0,0,0,0,0,0
CL04981,0,0,0,0,0,0,0,0,0,0,1,0,2,0,0,3,0,0,0,0,0,1,1,0,0,0,0,0,0,1,0,0
CL05001,0,0,0,0,0,0,0,0,0,0,0,0,0,0,0,0,0,0,0,0,0,0,0,0,0,0,0,0,0,0,0,13
CL05017,0,0,0,0,0,0,0,0,0,0,0,0,0,0,0,0,0,0,0,0,0,0,0,0,0,0,0,0,0,0,0,10
CL05031,0,0,0,0,0,0,0,0,0,0,0,0,0,0,8,0,0,0,0,0,0,0,0,0,0,0,0,0,0,0,0,0
CL05059,0,0,0,0,0,0,0,0,0,2,0,0,0,0,5,0,0,0,0,0,0,0,2,0,0,0,0,0,0,0,0,0
CL05080,0,0,0,0,0,0,0,0,0,0,0,0,0,0,5,4,0,0,0,0,0,0,0,0,0,0,0,0,0,0,0,0
CL05084,0,0,0,1,0,0,0,0,0,0,0,0,0,0,0,0,11,0,0,0,0,0,0,0,0,0,0,0,0,0,0,0
CL05093,0,0,0,0,0,0,0,0,0,0,0,0,0,0,0,0,0,0,0,0,0,0,6,0,0,4,0,0,0,0,0,0
CL05112,2,0,1,0,0,0,1,0,0,0,0,0,0,0,0,0,1,0,0,0,1,4,0,0,0,0,0,0,0,0,0,0
CL05125,0,0,0,0,0,0,0,0,0,0,0,0,0,3,0,1,0,0,0,0,0,0,0,0,0,0,0,0,0,3,1,0
CL05135,0,0,0,0,0,0,0,0,0,0,0,0,11,0,0,0,0,0,0,0,0,0,0,0,0,0,0,0,0,0,0,0
CL05145,3,3,0,6,0,0,0,0,0,0,0,0,0,0,0,0,0,0,0,0,0,0,0,0,0,0,0,0,0,0,0,0
CL05146,0,0,0,0,0,0,0,0,0,0,0,0,0,0,0,0,0,0,0,0,0,0,0,0,0,0,0,0,0,3,0,7
CL05155,0,0,0,0,0,0,0,0,0,0,0,0,0,0,0,0,0,0,0,0,0,0,0,3,0,0,0,5,0,0,0,0
CL05156,0,0,0,0,0,2,5,1,0,0,0,0,0,0,0,0,0,0,0,0,0,0,2,0,0,0,0,0,0,0,0,0
CL05174,0,0,0,0,0,0,0,0,0,0,0,0,0,6,0,0,0,0,0,0,0,0,0,0,0,0,0,0,0,0,0,0
CL05176,0,0,0,0,0,0,0,0,0,0,0,0,0,0,0,0,12,0,0,0,0,0,0,0,0,0,0,0,0,0,0,0
CL05184,0,0,0,0,0,0,0,1,0,0,6,0,0,0,1,0,0,0,0,0,4,0,0,0,0,0,0,0,0,0,0,0
CL05187,0,0,0,0,0,0,0,0,0,2,0,1,0,0,0,0,0,0,0,0,0,0,0,0,0,0,0,0,0,0,2,0
CL05190,0,0,0,0,0,0,0,7,0,2,0,0,0,0,0,0,0,0,0,0,1,0,0,0,0,0,0,0,0,0,0,0
CL05200,0,0,0,0,0,0,0,0,0,0,0,0,0,0,0,0,1,0,0,0,5,0,0,0,0,0,0,0,0,0,0,0
CL05207,0,0,0,0,0,0,0,0,0,0,0,0,0,8,0,0,0,0,0,0,0,0,0,0,0,0,0,0,0,0,0,0
CL05209,0,0,0,0,0,0,0,0,0,0,0,0,0,0,0,0,0,0,0,0,4,0,0,0,0,0,0,0,0,0,0,0
CL05216,0,0,0,0,0,0,0,5,0,0,0,0,0,0,0,0,0,0,0,0,1,0,0,0,0,0,0,0,0,0,0,0
CL05232,0,0,0,0,0,0,0,0,0,0,1,0,0,0,0,0,0,0,0,0,0,0,0,0,0,0,0,0,8,0,0,0
CL05233,0,0,0,0,0,0,0,0,0,1,0,0,0,0,0,0,0,0,0,2,0,0,0,0,0,0,0,0,0,3,0,1
CL05271,0,0,0,1,0,0,0,0,0,0,0,0,0,0,0,1,0,0,3,2,0,0,0,0,0,0,0,0,0,0,0,0
CL05272,0,0,0,0,0,0,0,2,0,1,0,1,1,0,0,0,0,0,0,0,0,0,0,0,0,0,0,0,0,0,0,1
CL05274,0,0,0,0,0,0,8,0,0,0,0,0,0,0,0,0,0,0,0,0,0,0,0,0,0,0,0,0,0,0,0,0
CL05294,0,0,0,11,0,0,0,0,0,0,0,0,0,0,0,0,0,0,0,0,0,0,0,0,0,0,0,0,0,0,0,0
CL05300,0,0,0,3,0,0,0,0,0,0,0,0,0,0,0,2,0,0,2,0,0,0,0,0,0,0,0,0,0,1,0,0
CL05310,0,0,0,0,0,6,0,4,0,0,0,0,0,0,0,0,0,0,0,0,0,0,0,0,0,0,0,0,0,0,0,0
CL05326,0,0,0,0,0,0,0,0,0,0,0,0,0,0,0,0,0,1,5,0,0,0,1,0,0,0,0,0,0,0,0,1
CL05341,2,0,0,0,0,0,0,0,0,2,0,0,0,0,0,0,0,0,0,0,0,2,0,0,0,0,0,0,0,0,2,1
CL05348,0,0,0,0,0,0,0,0,0,0,0,0,2,0,0,1,0,0,0,0,0,0,0,0,0,0,0,0,1,0,0,2
CL05357,0,0,0,0,2,0,0,0,0,0,0,0,0,0,0,0,0,0,0,0,0,0,0,0,0,0,0,0,0,0,0,0
CL05359,0,0,0,0,0,0,0,0,0,0,0,0,0,0,0,6,0,0,0,0,0,0,0,0,0,0,0,0,0,0,0,3
CL05372,0,0,0,1,0,0,0,0,0,0,1,0,0,0,0,0,0,0,0,0,0,7,0,0,0,0,0,0,0,0,0,0
CL05375,0,0,0,9,0,0,0,0,0,0,0,0,0,0,0,0,0,0,0,0,0,0,0,0,0,0,0,0,0,0,0,0
CL05377,0,0,0,0,0,0,0,0,0,0,0,0,0,0,0,0,0,0,0,0,0,0,0,0,0,0,0,0,6,0,0,0
CL05380,0,0,0,0,0,0,0,0,0,0,0,0,0,0,0,0,0,0,0,0,0,0,0,0,0,0,0,0,5,0,0,0
CL05382,0,0,0,0,0,0,0,0,0,0,0,0,0,0,0,0,0,0,0,0,0,0,0,0,0,0,0,0,0,0,0,9
CL05383,0,0,0,0,0,0,0,0,8,0,0,0,0,0,0,0,0,0,0,0,0,0,0,0,0,0,0,0,0,0,0,0
CL05392,0,0,0,0,0,0,0,0,0,0,0,0,0,0,9,0,0,0,0,0,0,0,0,0,0,0,0,0,0,0,0,0
CL05402,0,0,0,0,0,0,0,0,0,0,0,0,0,0,0,2,0,0,0,0,0,0,0,0,0,6,0,0,0,0,0,0
CL05410,0,0,0,0,0,0,0,0,0,0,0,0,0,2,0,0,0,0,0,0,0,0,0,0,0,1,0,0,0,0,5,0
CL05413,0,0,0,0,0,0,0,0,0,0,0,0,0,0,0,0,0,0,0,0,0,0,9,0,0,0,0,0,0,0,0,0
CL05415,0,0,0,0,0,0,0,0,0,0,0,0,0,1,0,1,0,0,0,0,0,1,0,0,0,0,0,0,0,0,0,3
CL05417,0,0,0,0,0,0,0,0,0,0,0,0,0,0,0,0,0,0,0,0,0,0,0,0,0,0,0,0,0,5,0,1
CL05419,0,0,0,0,0,0,0,0,0,0,0,0,0,0,5,0,0,0,0,0,0,0,0,0,0,0,0,0,0,0,1,0
CL05422,0,0,0,0,0,0,0,0,0,0,0,0,0,0,0,0,0,0,0,0,0,1,9,0,0,0,0,0,0,0,0,0
CL05427,0,0,0,0,0,0,0,0,0,0,0,0,0,0,0,0,0,0,0,0,0,0,1,0,2,7,0,0,0,0,0,0
CL05430,0,0,0,0,0,0,0,0,0,0,0,0,0,0,0,0,0,0,0,0,0,0,0,0,0,0,0,0,0,0,6,0
CL05433,0,0,0,0,0,0,0,0,0,0,0,0,0,0,0,0,0,0,0,0,0,0,0,0,0,0,0,0,0,5,0,0
CL05434,5,0,0,0,0,0,0,0,0,4,0,0,0,0,0,0,0,0,0,0,0,0,0,0,0,0,0,0,0,0,0,0
CL05438,0,0,0,0,0,0,0,0,0,0,0,1,1,0,0,0,0,0,0,0,1,1,0,0,0,1,0,0,0,0,0,0
CL05451,0,0,0,0,0,0,1,0,1,0,0,0,0,1,0,0,1,0,2,1,0,0,1,0,0,0,0,0,0,0,2,0
CL05453,0,0,8,0,0,0,0,0,0,0,0,0,0,0,0,0,0,0,0,0,0,0,0,0,0,0,0,0,0,0,0,0
CL05456,0,0,0,0,0,2,0,2,0,0,0,0,0,0,0,0,0,0,0,0,0,0,0,4,0,0,0,0,0,0,0,0
CL05467,0,0,0,0,0,0,6,0,0,0,0,0,0,0,0,2,0,0,0,0,0,0,0,0,0,0,0,0,0,0,0,0
CL05468,0,0,0,0,0,0,0,0,0,0,0,0,0,0,0,0,0,0,0,0,0,0,7,0,0,0,0,0,0,0,0,0
CL05499,0,0,0,0,0,0,0,9,0,0,0,0,0,0,0,0,0,0,0,0,0,0,0,0,0,0,0,0,0,0,0,0
CL05501,0,0,0,0,0,0,0,0,0,0,0,0,0,0,0,7,0,0,0,0,0,0,0,0,0,0,0,0,0,0,0,1
CL05511,0,0,0,0,0,0,0,0,0,0,0,1,0,0,0,0,0,0,0,0,0,0,6,0,0,0,0,0,0,0,0,0
CL05525,0,0,8,0,0,0,0,0,0,0,0,0,0,0,0,0,0,0,0,0,0,0,0,0,0,0,0,0,0,0,0,0
CL05541,0,0,0,0,0,0,0,0,0,1,0,0,0,0,2,0,0,1,0,1,0,0,0,2,1,0,0,0,0,0,0,0
CL05543,0,0,0,0,0,1,2,0,0,4,0,0,0,0,0,0,0,0,0,0,0,0,0,0,0,2,0,0,0,0,0,0
CL05557,0,0,0,0,0,0,1,0,0,0,0,0,5,2,0,0,0,0,0,0,0,0,0,0,0,0,0,0,0,0,0,0
CL05585,0,0,0,0,0,0,0,0,0,0,0,0,0,0,0,0,0,0,0,0,0,0,0,0,0,0,0,0,0,0,0,8
CL05605,0,0,0,0,0,0,0,0,0,0,0,0,0,0,0,0,0,0,0,0,3,3,0,0,0,0,0,1,0,0,0,0
CL05607,0,0,0,0,0,0,0,1,0,0,0,0,0,0,0,0,0,0,0,0,6,0,0,0,0,0,0,0,0,0,0,0
CL05614,0,0,0,0,0,0,0,0,0,0,0,0,0,0,0,0,0,7,0,0,0,0,0,0,2,0,0,0,0,0,0,0
CL05620,0,0,0,0,0,0,0,0,0,0,0,0,0,2,0,0,0,0,0,0,0,0,0,0,0,0,0,0,0,1,3,1
CL05623,0,0,0,0,0,0,0,0,0,0,0,0,0,0,0,0,0,0,0,0,0,0,0,0,0,0,0,0,0,0,0,8
CL05643,0,0,0,0,0,0,0,0,0,0,0,0,0,4,0,1,0,0,0,1,0,0,0,0,0,0,0,0,0,1,1,0
CL05645,0,0,0,0,0,0,0,0,0,0,0,0,0,0,5,3,0,0,0,0,0,0,0,0,0,0,0,0,0,0,0,0
CL05678,0,0,0,0,0,2,0,0,0,0,0,0,0,0,1,0,0,0,0,0,0,3,0,0,0,0,0,0,0,0,0,0
CL05687,0,0,0,0,0,0,0,0,0,0,0,0,0,0,0,0,0,0,0,0,0,0,0,0,0,0,0,0,0,0,0,3
CL05688,0,0,0,0,0,0,0,1,0,5,0,0,0,0,0,0,0,0,0,0,1,1,0,1,0,0,0,0,0,0,0,0
CL05690,0,0,0,0,2,0,0,6,0,0,0,0,0,0,0,0,0,0,0,0,0,0,0,0,0,0,0,0,0,0,0,0
CL05694,0,0,0,0,0,0,0,0,0,0,0,0,0,6,0,0,0,0,0,0,0,0,0,0,0,0,0,0,0,0,0,0
CL05696,0,0,0,0,0,0,2,2,0,0,0,0,0,0,2,0,0,0,0,0,0,0,0,0,0,0,0,0,0,0,0,0
CL05719,0,0,0,0,0,0,0,0,0,0,0,0,3,3,0,0,0,0,0,0,0,0,0,0,0,0,0,0,0,0,0,0
CL05729,0,0,0,0,0,0,0,0,0,0,0,0,0,0,0,0,0,0,0,0,0,0,0,0,0,0,0,8,0,0,0,0
CL05733,0,0,0,0,0,0,0,0,0,0,0,0,0,0,0,0,0,0,0,0,0,0,0,0,0,0,0,0,0,9,0,0
CL05751,0,0,0,0,0,0,0,0,0,0,0,0,0,0,0,4,0,0,0,0,0,0,0,0,0,0,0,0,0,0,0,0
CL05757,0,0,0,0,0,0,0,0,0,0,0,0,0,0,0,0,0,0,0,0,0,0,0,0,0,0,0,0,0,0,0,8
CL05762,0,0,0,0,0,0,0,1,0,0,0,0,0,0,0,0,0,0,0,0,1,3,0,0,1,0,1,2,0,0,0,0
CL05772,0,0,0,0,0,0,0,0,0,0,0,0,0,3,0,0,0,0,0,0,0,0,0,0,0,0,0,0,0,0,0,0
CL05794,0,0,0,0,0,0,0,0,0,0,0,0,0,0,0,0,0,0,0,0,0,0,0,0,0,0,0,0,0,0,0,9
CL05797,0,0,0,0,0,0,0,0,0,0,0,0,0,0,0,0,0,0,0,0,0,0,0,8,0,0,0,0,0,0,0,0
CL05799,0,0,0,0,0,0,0,0,0,0,0,0,0,2,0,0,0,0,0,0,0,0,0,0,0,0,0,0,1,3,0,0
CL05819,0,0,0,1,0,0,0,0,0,0,0,0,2,1,0,1,0,0,0,0,0,0,0,0,0,1,0,0,0,0,0,0
CL05822,0,0,0,0,0,0,0,0,0,0,0,0,0,0,0,0,0,0,0,0,0,0,0,0,0,0,0,0,0,5,1,0
CL05831,0,0,0,0,0,0,0,0,0,0,0,0,0,0,0,0,7,0,0,0,0,0,0,0,0,0,0,0,1,0,0,0
CL05833,0,0,0,0,0,0,0,0,0,0,0,0,0,7,0,0,0,0,0,0,0,0,0,0,0,0,0,0,0,0,0,0
CL05846,0,0,0,0,0,2,0,0,0,0,0,0,0,0,0,0,0,0,0,0,0,6,0,0,0,0,0,0,0,0,0,0
CL05851,0,0,0,0,0,0,0,0,0,0,0,0,0,0,0,0,0,0,0,0,0,0,0,0,0,0,6,0,0,0,0,0
CL05862,0,0,0,0,0,0,0,0,0,0,0,0,0,0,0,0,0,0,0,0,0,0,0,0,2,0,0,4,0,0,0,0
CL05866,0,0,0,0,0,0,0,0,0,0,0,0,7,0,0,0,0,0,0,0,0,0,0,0,0,0,0,0,0,0,0,0
CL05912,0,0,0,1,0,0,1,3,0,0,0,0,0,0,0,0,0,0,0,0,1,2,0,0,0,0,0,0,0,0,0,0
CL05935,0,0,0,0,0,0,0,0,0,0,0,0,0,0,0,3,0,0,0,0,0,0,0,0,0,0,0,0,0,0,0,2
CL05937,0,0,0,0,0,0,0,0,0,0,0,0,0,0,0,0,0,0,0,0,8,0,0,0,0,0,0,0,0,0,0,0
CL05941,0,0,0,0,0,0,0,0,0,1,0,0,0,0,0,0,0,0,0,0,0,0,5,0,0,0,0,0,0,0,0,0
CL05943,0,0,0,0,0,0,0,0,0,0,0,0,0,0,0,0,0,0,0,0,0,0,0,3,1,0,0,0,0,0,2,0
CL05950,0,0,0,0,0,0,0,0,1,0,0,0,0,0,0,0,0,2,4,0,0,0,0,0,0,1,0,0,0,0,0,0
CL05953,0,0,0,0,0,0,0,0,0,0,0,0,2,0,0,3,0,0,0,0,0,0,0,0,0,0,0,0,0,0,0,2
CL05964,0,0,0,0,0,0,0,0,0,0,0,0,0,0,0,6,0,0,0,0,0,0,0,0,0,0,0,0,0,0,0,0
CL05965,0,0,0,0,0,2,0,0,0,0,0,0,0,0,0,0,0,0,0,0,2,0,0,0,1,0,0,0,0,0,0,0
CL05971,0,0,0,0,0,0,0,0,3,0,0,0,0,0,0,0,0,0,0,0,0,0,0,0,0,0,0,0,0,0,0,0
CL05974,0,0,0,0,0,0,0,0,0,0,0,0,0,4,0,0,0,0,0,0,0,0,0,0,0,0,0,0,0,0,0,0
CL06024,0,0,0,0,0,0,1,0,0,0,0,0,0,3,0,0,0,0,0,0,0,0,0,0,0,0,0,0,0,1,0,0
CL06028,0,0,0,0,0,0,0,0,0,0,0,0,0,3,0,0,0,0,0,0,0,0,0,0,0,0,0,0,0,0,0,1
CL06031,0,0,0,0,0,0,0,0,2,0,0,0,0,0,0,0,0,0,0,0,0,0,0,0,0,0,1,0,0,0,0,0
CL06032,0,0,0,0,0,0,0,0,0,0,0,0,0,0,0,0,0,0,0,0,0,0,0,1,3,0,1,0,0,0,0,0
CL06035,0,0,0,0,0,0,0,0,0,0,0,0,0,0,0,0,0,0,0,0,0,0,0,0,0,0,0,0,0,8,0,0
CL06043,0,0,0,0,0,0,0,0,0,0,0,0,3,0,0,0,0,0,0,0,0,0,0,0,0,0,0,0,0,4,0,1
CL06057,0,0,0,0,0,0,0,0,0,4,0,0,0,0,0,1,0,0,0,0,0,0,0,0,0,0,0,0,0,0,0,0
CL06063,0,0,0,0,0,0,0,0,0,0,0,0,0,2,0,0,0,0,0,0,0,0,0,0,0,0,0,0,0,0,0,0
CL06077,0,0,0,0,0,0,0,0,0,4,0,0,0,0,0,0,0,0,0,0,0,0,0,0,0,0,0,0,0,0,0,2
CL06092,0,0,0,0,0,0,0,1,0,0,0,0,0,0,0,3,0,0,0,0,0,0,0,1,0,0,0,0,1,0,0,0
CL06101,0,0,0,0,0,0,0,0,0,0,0,0,0,0,0,0,0,1,1,1,0,2,0,0,0,0,1,0,0,0,0,0
CL06123,0,0,0,0,0,0,0,0,0,2,0,0,0,0,0,0,0,0,0,0,0,0,0,0,0,0,0,0,0,0,0,0
CL06138,0,0,0,0,0,0,0,0,0,0,0,0,0,0,0,0,0,0,0,0,0,0,0,0,0,0,0,0,0,0,0,7
CL06152,0,0,0,0,0,0,0,0,0,0,0,0,0,0,0,0,0,0,7,0,0,0,0,0,0,0,0,0,0,0,0,0
CL06155,0,0,0,0,0,0,0,0,0,0,0,0,0,0,0,0,0,0,0,0,0,2,0,0,0,0,0,0,0,0,3,0
CL06165,0,0,0,0,4,0,0,0,0,0,0,0,0,0,0,0,0,0,0,0,0,0,0,0,0,0,0,0,0,0,0,0
CL06167,0,0,0,0,0,0,0,0,0,0,0,0,0,0,0,0,0,0,0,0,0,3,0,0,2,0,0,0,0,0,0,0
CL06201,0,0,0,0,0,0,0,0,0,0,0,0,0,0,0,0,0,0,0,0,0,5,0,0,0,0,0,0,0,0,0,0
CL06250,0,0,0,0,0,0,0,0,0,0,0,0,0,0,0,0,0,0,0,0,4,0,0,1,0,0,0,1,0,0,0,0
CL06253,0,0,0,0,4,0,0,2,0,0,0,0,0,0,0,0,0,0,0,0,0,0,0,0,0,0,0,0,0,0,0,0
CL06255,0,0,0,0,0,0,0,0,0,0,0,0,0,0,0,0,0,0,1,3,0,0,1,0,0,0,1,1,0,0,0,0
CL06260,0,0,0,0,0,0,0,0,0,0,0,0,0,0,3,2,0,0,0,0,0,0,0,0,0,0,0,0,0,0,0,2
CL06262,0,0,0,0,0,0,0,0,0,0,0,0,0,0,0,0,0,0,0,0,0,0,0,0,0,0,0,0,0,0,5,0
CL06289,0,0,0,0,0,0,0,0,0,0,0,0,0,0,1,0,0,0,0,0,0,0,0,0,0,0,0,0,0,0,5,0
CL06298,0,0,0,0,0,0,0,0,0,0,0,0,0,0,0,0,0,0,0,0,0,0,0,1,0,0,0,0,0,2,0,0
CL06305,0,0,0,0,0,0,0,0,0,0,0,0,0,1,0,2,0,0,0,0,0,0,0,0,0,0,0,2,0,0,0,1
CL06343,0,0,0,0,0,0,0,0,0,0,0,0,0,0,0,0,0,0,0,0,0,0,0,0,0,0,0,0,0,3,0,0
CL06345,0,0,0,0,0,0,0,0,0,0,0,0,0,0,0,0,0,0,5,0,0,0,0,0,0,0,1,0,0,0,0,0
CL06353,0,0,0,0,0,0,0,0,0,0,0,0,0,0,5,0,0,0,0,0,0,0,0,0,0,0,0,0,0,0,0,1
CL06355,8,0,0,0,0,0,0,0,0,0,0,0,0,0,0,0,0,0,0,0,0,0,0,0,0,0,0,0,0,0,0,0
CL06371,0,0,0,0,0,0,0,0,0,0,0,0,0,0,0,0,0,0,0,0,0,0,1,0,0,0,3,0,0,0,0,0
CL06377,0,0,0,0,0,0,0,0,0,0,0,0,0,0,0,0,0,0,0,0,0,0,7,0,0,0,0,0,0,0,0,0
CL06382,0,0,0,0,0,0,0,0,0,0,0,0,0,0,4,1,0,0,0,0,0,0,0,0,0,0,0,0,0,0,1,0
CL06412,0,0,0,0,0,0,1,0,0,0,0,0,0,0,0,2,0,0,0,0,0,0,0,0,0,0,0,0,0,0,0,0
CL06421,0,0,0,0,0,0,0,0,2,0,0,1,0,0,0,0,0,0,0,0,0,0,0,0,0,0,2,0,0,0,0,0
CL06424,0,0,0,0,0,0,0,0,0,0,0,0,0,3,0,0,0,0,0,0,0,0,0,0,0,0,0,0,0,0,0,0
CL06442,0,0,0,0,0,3,0,0,0,1,0,0,0,0,0,0,0,0,0,0,1,1,0,0,0,0,0,0,0,0,0,0
CL06449,0,0,0,0,0,0,1,4,0,0,0,0,0,0,0,0,0,0,0,0,0,1,0,0,0,0,0,0,0,0,0,0
CL06456,0,0,0,0,0,1,0,0,0,0,0,0,1,0,2,0,0,0,0,0,0,0,0,0,0,0,0,0,0,0,0,0
CL06462,0,0,0,1,0,0,0,0,0,0,0,0,0,0,0,0,0,0,0,0,0,2,2,0,0,0,0,0,0,0,0,0
CL06464,0,0,0,0,0,0,0,0,0,0,0,0,0,1,0,1,0,0,0,0,0,0,0,0,0,0,0,0,0,0,0,2
CL06468,0,0,0,0,0,0,0,0,0,0,0,0,0,0,4,0,0,0,0,0,0,0,0,0,0,0,0,0,0,0,0,0
CL06494,0,0,0,0,0,0,0,0,0,0,0,0,0,0,0,0,0,0,0,0,1,0,0,0,4,1,0,0,0,0,0,0
CL06524,0,0,0,0,0,0,0,0,0,0,0,0,0,0,0,0,0,0,0,0,0,0,0,0,0,0,0,0,0,0,4,0
CL06540,0,0,0,0,0,0,0,0,0,0,0,0,8,0,0,0,0,0,0,0,0,0,0,0,0,0,0,0,0,0,0,0
CL06549,0,0,0,0,0,0,1,0,0,0,0,0,0,0,0,0,0,0,0,0,0,0,0,1,0,0,1,3,0,0,0,0
CL06552,0,0,0,0,0,0,0,0,0,0,2,0,0,0,3,0,0,0,0,0,0,0,0,0,0,0,0,0,0,0,0,0
CL06579,0,0,0,0,0,0,0,0,0,0,0,0,0,0,0,0,0,0,0,0,0,0,0,0,0,0,0,0,0,0,0,8
CL06583,0,0,0,0,0,0,0,0,0,0,0,0,0,2,0,1,0,0,0,0,0,0,0,0,0,0,0,0,0,0,0,0
CL06585,0,0,0,0,0,0,0,0,0,1,0,0,0,3,0,0,0,0,0,0,0,0,0,0,0,0,0,0,0,0,0,0
CL06590,0,0,0,0,0,0,0,0,0,0,0,0,0,0,0,0,0,0,2,0,0,0,0,0,1,0,3,0,0,0,0,0
CL06611,0,0,0,0,0,0,0,0,0,0,0,0,0,2,0,0,0,0,0,0,0,0,0,0,0,0,0,0,0,0,0,0
CL06619,0,0,0,0,0,0,0,0,0,0,0,0,0,2,0,2,0,0,0,0,0,0,0,0,0,0,0,0,1,0,0,0
CL06623,0,0,2,0,0,2,0,0,0,0,0,0,0,0,0,0,0,0,0,0,0,0,0,0,0,0,0,0,0,0,0,0
CL06628,0,0,0,0,0,0,0,0,0,0,1,0,0,0,0,0,0,0,0,0,0,0,0,0,0,0,0,0,0,0,0,0
CL06629,0,0,0,0,0,0,0,0,0,0,0,0,0,0,0,0,2,0,0,0,0,3,0,0,0,0,0,0,0,0,0,0
CL06633,0,0,0,0,0,0,0,0,0,0,0,0,1,0,0,0,0,0,0,0,0,0,0,0,0,0,0,0,0,1,2,0
CL06637,0,0,0,0,0,0,0,0,0,0,0,0,0,0,0,0,0,0,0,0,0,0,0,2,0,0,5,0,0,0,0,0
CL06642,0,0,0,0,0,0,0,0,0,0,0,0,0,0,0,0,0,0,0,0,2,0,0,0,0,0,0,0,0,0,0,0
CL06645,0,6,0,0,0,0,0,0,0,0,0,0,0,0,0,0,0,0,0,0,0,0,0,0,0,0,0,0,0,0,0,0
CL06646,0,0,0,0,0,0,0,0,0,0,0,0,0,1,0,0,0,0,0,0,0,0,0,0,0,0,0,0,1,0,1,0
CL06655,0,0,0,0,0,1,0,2,0,0,0,0,0,0,0,0,0,0,0,0,0,0,0,0,2,0,0,0,0,0,0,0
CL06661,0,0,0,0,0,0,0,0,0,0,0,0,0,0,0,0,0,0,0,0,0,0,0,0,0,4,0,0,0,0,0,0
CL06707,0,0,0,0,0,0,0,0,0,0,0,0,0,0,0,6,0,0,0,0,0,0,0,0,0,0,0,0,0,0,0,0
CL06709,0,0,0,0,0,0,0,4,0,0,0,0,0,0,0,0,0,0,0,0,0,0,0,3,0,0,0,0,0,0,0,0
CL06714,0,0,0,0,0,0,0,0,0,0,0,0,0,0,0,0,0,0,0,0,0,0,0,0,0,0,0,0,0,0,0,6
CL06717,0,0,0,0,0,0,0,0,0,0,0,0,3,0,0,1,0,0,0,0,0,0,0,0,0,0,0,0,0,0,1,0
CL06724,0,0,0,0,0,0,0,0,0,0,0,0,0,0,0,0,1,0,2,0,0,0,0,0,2,0,0,0,0,0,0,1
CL06733,0,0,0,0,0,0,0,0,0,0,0,0,0,0,0,0,0,0,0,0,0,0,0,0,0,0,5,0,0,0,0,0
CL06755,0,0,0,0,0,0,0,0,0,0,0,0,0,0,0,0,0,0,0,0,0,0,0,0,0,0,0,0,0,0,5,0
CL06785,0,0,0,0,0,0,0,0,0,0,0,0,0,0,0,0,0,0,0,0,0,0,0,0,0,0,0,0,0,6,0,0
CL06815,0,0,0,0,0,0,0,0,0,0,0,0,0,0,0,0,1,1,0,2,0,0,0,0,0,0,0,0,0,0,1,0
CL06819,0,0,0,0,0,0,0,0,0,0,0,0,0,0,0,0,6,0,0,0,0,0,0,0,0,0,0,0,0,0,0,0
CL06826,0,0,0,0,0,0,4,0,0,0,0,0,0,0,0,0,0,0,0,0,0,0,0,0,0,0,0,0,0,0,0,0
CL06834,0,0,0,0,0,0,0,0,0,0,0,0,0,0,0,0,0,0,0,5,0,0,0,0,0,0,0,0,0,0,0,0
CL06852,0,0,0,0,0,0,0,0,0,0,0,0,0,0,0,0,0,0,0,0,0,0,0,0,0,0,0,0,0,0,0,4
CL06867,0,0,0,0,0,0,0,0,0,0,0,0,0,0,0,0,0,0,0,0,0,0,0,0,0,0,0,0,0,0,0,4
CL06877,0,0,0,0,0,0,0,0,0,0,0,0,0,1,0,2,0,0,0,0,0,1,1,0,0,0,0,0,0,0,0,0
CL06887,0,0,0,0,0,0,0,0,0,0,0,0,0,0,0,0,0,0,0,0,0,0,0,0,1,0,0,3,0,0,0,0
CL06895,0,0,0,0,0,0,0,0,0,2,0,0,0,0,0,0,0,0,0,0,0,0,1,0,0,0,0,0,0,0,0,0
CL06896,0,0,0,0,0,0,0,0,0,0,0,0,0,0,0,3,0,0,0,0,0,0,0,0,0,2,0,0,0,0,0,0
CL06907,0,0,0,0,0,0,0,0,0,0,0,0,0,0,0,0,0,0,0,0,0,4,0,0,0,0,0,2,0,0,0,0
CL06925,0,0,0,0,0,0,0,0,0,0,0,0,0,0,0,2,0,0,0,0,0,0,2,0,0,0,0,0,0,0,0,0
CL06927,0,0,0,0,0,0,0,0,0,0,0,0,0,0,0,0,0,0,0,0,0,0,0,0,0,0,0,0,0,0,0,6
CL06932,0,0,0,0,0,0,0,0,0,0,0,0,0,0,0,0,0,2,0,0,0,0,0,0,0,0,2,0,0,0,0,0
CL06941,0,0,0,0,0,0,0,0,0,0,0,0,0,0,0,0,0,0,0,0,0,0,0,0,0,0,0,0,0,0,0,6
CL06953,0,0,0,0,0,0,0,0,3,0,0,0,0,0,0,0,0,0,0,0,0,0,0,0,0,0,0,0,0,0,0,0
CL06965,0,0,0,0,0,0,0,0,0,0,0,1,0,0,0,2,0,0,0,0,0,0,0,0,0,0,0,0,0,0,0,1
CL06969,0,0,0,0,0,0,0,0,1,0,0,0,0,0,1,3,0,0,0,0,0,0,0,0,0,1,0,0,0,0,0,0
CL06976,0,1,0,0,0,0,0,0,0,1,0,0,0,0,0,3,0,0,0,0,0,0,0,0,0,0,0,0,0,0,0,0
CL06980,0,0,0,0,0,0,0,0,0,0,0,0,0,0,0,0,0,0,0,0,0,0,5,0,0,0,0,0,0,0,0,0
CL06985,0,0,0,0,0,0,0,0,0,0,0,0,0,0,0,0,0,0,0,0,0,0,0,0,0,0,0,0,0,0,3,0
CL06997,0,0,0,0,0,0,0,0,0,0,0,0,0,0,0,0,0,0,0,0,0,0,0,0,0,0,0,0,0,0,5,0
CL07000,0,0,0,0,0,1,0,0,0,0,0,0,0,0,1,0,0,0,0,0,0,0,0,0,0,0,0,0,0,0,2,0
CL07007,0,0,0,0,0,0,0,0,0,0,0,0,0,2,0,2,0,0,0,0,0,0,0,0,0,0,0,2,0,0,0,0
CL07009,0,0,0,0,0,0,0,0,0,0,0,0,0,0,0,5,0,0,0,0,0,0,0,0,0,0,0,0,0,0,0,0
CL07018,0,0,0,0,0,0,0,0,0,0,0,7,0,0,0,0,0,0,0,0,0,0,0,0,0,0,0,0,0,0,0,0
CL07045,0,0,0,0,0,0,0,0,0,0,0,0,0,0,0,0,0,0,0,0,0,0,0,0,0,0,0,0,1,0,2,1
CL07046,0,0,0,0,0,0,0,0,0,0,0,0,0,0,0,1,0,0,0,0,0,0,0,0,0,0,0,0,0,0,0,4
CL07048,0,0,0,0,0,0,0,0,0,0,0,2,0,0,0,0,0,0,0,0,0,0,2,0,0,0,0,0,0,0,0,0
CL07054,0,0,0,0,0,0,0,0,0,0,0,0,0,0,0,0,0,0,0,0,0,0,0,0,0,0,0,4,0,0,0,0
CL07088,0,0,0,0,0,0,0,0,0,0,0,0,0,3,1,0,0,0,0,0,0,0,0,0,0,0,0,0,0,0,0,0
CL07093,0,0,0,0,0,1,0,0,0,0,0,0,0,0,0,0,0,0,0,0,0,1,0,2,0,0,0,0,0,0,0,0
CL07100,0,0,0,0,0,0,0,0,0,0,0,0,0,0,2,0,0,0,0,0,0,0,0,2,0,0,0,0,0,0,0,0
CL07103,0,0,0,0,0,0,0,0,0,0,0,0,0,0,0,4,0,0,0,0,0,0,0,0,0,0,0,0,0,0,0,0
CL07110,0,0,0,0,0,0,0,0,0,0,0,0,0,5,0,0,0,0,0,0,0,0,0,0,0,0,0,0,0,0,0,0
CL07115,0,0,0,0,0,0,0,0,0,0,0,0,0,0,0,1,0,0,0,0,0,0,0,0,0,0,0,0,0,0,0,0
CL07153,0,0,0,0,0,0,0,0,0,0,0,0,0,0,0,0,0,0,0,1,0,0,0,0,0,0,4,0,0,0,0,0
CL07172,0,0,0,0,0,0,0,0,0,0,0,0,0,3,0,0,0,0,0,0,0,0,0,0,0,0,0,0,0,0,0,0
CL07176,0,0,0,0,0,0,0,0,0,0,0,0,0,1,0,0,0,0,0,0,0,0,0,0,0,0,0,0,0,0,3,0
CL07189,0,0,0,0,0,0,0,0,0,0,0,0,0,0,0,0,0,0,0,3,0,0,0,0,0,0,0,0,0,0,0,0
CL07194,0,0,0,0,0,0,1,0,0,3,0,0,0,0,0,0,0,0,0,0,0,0,1,0,0,0,0,0,0,0,0,0
CL07201,0,0,0,0,0,0,0,0,0,0,0,0,0,0,2,2,0,0,0,0,0,0,0,0,0,0,0,0,0,0,0,0
CL07203,0,0,0,0,0,0,0,2,0,0,0,0,0,0,2,0,0,0,0,0,0,0,0,0,0,0,0,0,0,0,0,0
CL07221,0,0,0,0,0,0,0,0,0,0,0,0,0,3,0,0,0,0,0,0,0,0,0,0,0,0,0,0,0,0,0,0
CL07224,0,3,0,0,0,0,0,0,0,0,0,0,0,0,0,0,0,0,0,0,0,0,0,0,0,0,0,0,0,0,0,0
CL07225,0,0,0,0,0,0,1,1,2,0,0,0,0,0,0,0,0,0,0,0,0,0,0,0,0,0,0,0,0,0,0,0
CL07229,0,0,0,0,0,0,0,0,0,0,0,0,0,0,0,0,0,0,2,0,0,0,0,0,0,0,0,0,0,0,0,0
CL07249,0,0,0,0,2,0,0,0,0,0,0,0,0,0,0,0,0,0,0,0,0,0,0,0,0,0,0,0,0,0,0,0
CL07252,0,0,1,0,0,0,0,0,0,4,0,0,0,0,0,0,0,0,0,0,0,0,1,0,0,0,0,0,0,0,0,0
CL07267,0,0,0,0,0,0,0,0,0,3,1,0,0,0,0,0,0,0,0,0,0,0,0,0,0,0,0,0,0,0,0,0
CL07275,0,0,0,0,0,0,0,0,0,0,0,0,0,4,0,0,0,0,0,0,0,0,0,0,0,0,0,0,0,0,0,0
CL07303,0,0,0,0,0,2,0,0,0,0,0,0,0,0,0,0,0,0,0,0,0,0,0,0,0,0,0,0,0,0,0,3
CL07329,0,0,0,0,0,0,0,0,0,0,0,0,0,0,0,2,0,0,0,0,0,0,0,0,0,0,1,0,0,0,1,0
CL07336,0,0,0,0,0,0,0,0,0,0,0,0,0,0,0,0,0,0,0,0,0,0,0,0,0,0,0,0,1,3,0,0
CL07343,0,0,0,0,0,0,0,0,0,0,0,0,0,0,0,0,0,0,0,0,0,0,0,0,1,0,4,0,0,0,0,0
CL07353,0,0,0,0,0,0,0,0,0,1,0,0,0,1,0,0,0,0,0,0,0,0,0,0,0,0,0,0,0,0,0,1
CL07357,0,0,0,0,0,0,0,0,0,0,0,0,2,0,0,1,0,0,0,0,0,0,0,0,0,0,0,0,0,0,0,0
CL07359,0,0,0,0,0,0,0,0,0,0,0,0,0,3,0,0,0,0,0,0,0,0,0,0,0,0,0,0,3,0,0,0
CL07363,0,0,0,0,0,0,0,0,0,0,0,0,0,0,0,0,0,2,1,0,0,0,0,0,0,0,0,0,0,0,0,0
CL07370,0,0,0,0,0,0,0,0,0,0,0,0,1,0,0,3,0,0,0,0,0,0,0,0,0,0,0,0,0,0,0,0
CL07372,0,0,0,0,0,0,0,0,0,0,0,0,0,2,0,0,0,0,0,0,0,0,0,0,0,0,0,0,0,0,0,3
CL07376,0,0,0,0,0,0,0,0,0,0,0,0,0,0,0,0,0,0,0,0,0,0,0,0,0,0,0,0,0,4,0,0
CL07383,0,0,0,0,0,4,0,0,0,0,0,0,0,0,0,0,0,0,0,0,0,0,0,0,0,0,0,0,0,0,0,0
CL07402,0,0,0,0,0,0,0,0,0,0,0,0,0,0,0,0,0,0,0,0,0,0,0,0,0,0,0,0,0,0,0,6
CL07403,0,0,0,0,0,1,0,0,0,0,0,0,0,0,0,0,0,0,0,0,1,1,0,0,0,0,0,0,0,0,0,0
CL07405,0,0,0,0,0,0,0,0,0,0,0,0,0,0,0,0,0,0,0,0,0,0,0,0,0,0,0,0,0,0,0,4
CL07415,0,0,0,0,0,0,0,0,0,0,0,0,0,0,0,0,5,0,0,0,0,0,0,0,0,0,0,0,0,0,0,0
CL07418,0,0,0,1,0,0,0,0,0,0,0,0,1,0,0,1,0,0,0,0,0,0,0,0,0,0,0,0,0,0,0,0
CL07424,0,0,0,0,0,0,0,0,0,0,0,1,0,0,0,0,0,0,0,0,0,0,2,0,0,0,0,0,0,0,0,0
CL07431,0,0,0,0,0,0,0,0,0,0,3,0,0,0,0,0,0,0,0,0,0,0,0,0,0,0,0,0,0,0,0,0
CL07435,0,0,0,0,0,0,0,0,2,0,0,0,0,0,0,0,0,0,0,0,0,0,0,0,0,0,0,0,0,0,0,0
CL07437,0,0,0,0,0,0,0,0,0,0,0,0,0,0,0,0,0,0,0,4,0,0,0,0,0,0,0,0,0,0,0,0
CL07439,0,0,0,0,0,0,0,0,0,0,0,0,0,0,0,0,0,0,2,0,1,3,0,0,0,0,0,0,0,0,0,0
CL07475,0,0,0,0,0,0,0,0,0,0,0,0,0,0,0,0,0,0,0,0,0,0,3,0,0,0,0,0,0,0,0,0
CL07477,0,0,0,0,0,0,0,0,0,0,0,0,0,0,0,0,0,0,0,0,0,0,0,0,0,0,0,0,0,3,0,0
CL07480,0,0,0,0,0,0,0,0,0,0,0,2,0,0,0,0,0,0,0,1,0,1,0,0,0,0,1,0,0,0,0,0
CL07496,0,0,0,1,0,0,0,3,0,0,0,0,0,0,0,0,0,0,0,0,0,2,0,0,0,0,0,0,0,0,0,0
CL07504,0,0,0,0,0,0,0,0,0,0,0,0,0,0,0,0,0,0,0,0,0,0,0,6,0,0,0,0,0,0,0,0
CL07507,0,0,0,0,0,0,1,0,0,0,0,0,0,0,0,0,0,0,0,0,0,0,0,0,3,0,0,0,0,0,0,0
CL07511,0,0,0,0,0,0,0,0,0,0,0,0,0,0,0,0,0,0,0,0,0,3,0,0,0,0,0,0,0,0,0,0
CL07512,0,0,0,0,0,0,0,0,0,0,0,0,0,0,0,0,0,0,0,0,0,0,0,0,1,0,0,0,0,0,0,0
CL07518,0,0,0,0,0,0,0,0,0,0,0,4,0,0,0,0,0,0,0,0,0,0,0,0,0,0,0,0,0,0,0,0
CL07521,0,0,0,3,0,0,0,0,0,0,0,0,0,0,0,0,0,0,0,0,0,0,0,0,0,0,0,0,0,0,0,0
CL07534,0,0,0,0,0,0,0,0,0,0,0,0,0,0,0,0,0,0,0,0,0,4,0,0,0,0,0,0,0,0,0,0
CL07540,0,0,0,0,0,0,0,0,0,0,0,0,0,1,0,1,0,0,0,0,0,0,0,0,1,0,2,0,0,0,0,0
CL07541,0,0,0,0,0,0,0,0,0,0,0,0,0,0,3,0,0,0,0,0,0,0,0,0,0,0,0,0,0,0,0,0
CL07542,0,0,0,0,0,0,0,4,0,0,0,0,0,0,0,0,0,0,0,0,0,0,0,0,0,0,0,0,0,0,0,0
CL07545,0,0,0,0,0,0,0,0,0,0,0,0,0,0,0,2,0,0,0,0,0,0,0,0,0,0,0,0,0,3,0,0
CL07547,0,0,0,0,0,0,4,0,0,0,0,0,0,0,0,0,0,0,0,0,0,0,0,0,0,0,0,0,0,0,0,0
CL07556,0,0,0,0,0,0,0,0,0,0,2,0,0,0,0,0,0,0,0,0,0,0,0,0,0,0,0,0,0,0,0,0
CL07561,0,0,0,0,0,0,0,0,0,0,0,0,0,3,0,0,0,0,0,0,0,0,0,0,0,0,0,0,0,0,0,0
CL07563,0,0,0,0,0,0,0,0,0,2,0,0,0,0,0,0,0,0,0,0,0,0,0,0,0,0,0,0,0,0,0,0
CL07564,0,0,0,0,0,0,0,0,0,0,0,0,0,0,0,0,0,0,0,2,0,0,0,0,0,0,0,0,0,0,0,0
CL07573,0,0,0,0,0,0,0,1,0,1,0,0,0,0,0,0,0,0,0,0,0,0,0,0,1,0,1,0,0,0,0,0
CL07588,0,0,0,0,0,0,0,0,0,0,0,0,0,0,0,0,0,0,2,0,0,0,0,0,0,0,0,0,0,0,0,0
CL07597,0,0,0,0,0,0,0,0,0,0,0,0,0,0,1,0,0,0,0,0,0,0,0,0,0,0,0,0,0,0,0,0
CL07599,0,0,0,0,0,0,0,1,0,0,0,1,0,0,0,0,1,0,0,0,0,0,0,0,0,0,0,0,0,0,0,0
CL07605,0,0,0,0,0,0,0,0,0,0,0,0,0,0,3,0,0,0,0,0,0,0,0,0,0,0,0,0,0,0,0,0
CL07614,0,0,0,0,0,0,0,0,0,0,0,0,0,0,0,0,0,0,0,0,0,0,0,0,0,0,0,0,4,0,0,0
CL07615,0,0,0,0,0,0,0,0,0,0,0,0,0,0,0,0,0,0,0,0,0,0,0,0,0,0,0,0,0,0,2,0
CL07630,0,0,0,0,0,0,0,0,0,0,0,0,0,0,0,2,0,0,0,0,0,0,0,0,0,0,0,0,0,0,0,0
CL07631,0,0,0,0,0,0,0,0,0,0,0,0,0,0,0,1,0,0,0,0,0,0,0,0,0,0,0,0,0,0,0,3
CL07637,0,0,0,0,0,0,0,0,0,0,0,0,0,0,0,0,0,0,0,0,0,0,0,0,0,0,0,0,0,0,2,0
CL07645,0,0,0,0,0,0,0,0,0,0,0,0,0,0,2,0,0,0,0,0,0,0,0,0,0,0,0,0,0,0,0,0
CL07647,0,0,0,0,0,0,0,3,0,0,0,0,0,0,0,0,0,0,0,0,0,0,0,0,0,0,0,0,0,0,0,0
CL07654,0,0,0,0,0,0,0,0,0,0,0,0,1,2,0,0,0,0,0,0,0,0,0,0,0,0,0,0,0,0,0,0
CL07661,0,0,0,0,0,0,0,0,0,0,0,0,0,1,0,0,0,0,0,0,0,0,0,0,0,0,0,0,0,0,0,0
CL07666,0,0,0,0,0,0,0,0,0,0,3,0,0,0,0,0,0,0,0,0,0,0,0,0,0,0,0,0,0,0,0,0
CL07675,0,0,0,0,0,4,0,0,0,0,0,0,0,0,0,0,0,0,0,0,0,0,0,0,0,0,0,0,0,0,0,0
CL07676,0,0,0,0,0,0,0,0,0,0,0,0,0,0,2,0,0,0,0,0,0,0,0,0,0,0,0,0,0,0,0,0
CL07678,0,0,0,1,0,0,0,0,0,0,0,0,1,0,0,1,0,0,0,0,0,0,0,0,0,0,0,0,0,0,0,0
CL07692,0,0,0,0,0,0,0,0,0,0,0,0,0,0,0,0,0,0,0,0,0,0,0,0,0,0,0,0,0,0,3,0
CL07697,0,0,0,0,0,0,0,0,0,0,0,0,0,0,0,0,0,0,0,0,0,0,0,0,0,0,0,0,0,0,0,5
CL07699,0,1,0,0,0,0,0,0,0,0,0,0,0,0,0,0,0,0,1,0,0,0,0,0,0,0,0,0,0,0,0,0
CL07706,0,0,0,0,0,0,0,0,2,0,0,0,0,0,0,0,0,0,0,0,0,0,0,0,1,0,0,0,0,1,0,0
CL07727,0,0,0,0,0,0,0,0,0,0,0,0,0,0,1,0,0,0,0,0,0,0,0,0,0,0,0,0,0,0,4,0
CL07731,0,0,0,0,0,0,0,0,0,0,0,0,0,0,0,0,0,0,0,0,0,2,0,0,0,0,0,0,0,0,0,0
CL07736,0,0,0,0,0,0,0,0,0,0,0,0,0,0,0,0,0,0,0,0,0,0,0,0,0,0,0,0,0,3,0,0
CL07756,0,0,0,0,0,0,0,0,0,0,0,0,0,0,0,2,0,0,0,0,0,0,0,0,0,0,0,0,0,2,0,0
CL07763,0,0,0,0,0,0,0,0,0,0,0,0,0,0,3,0,0,0,0,0,0,0,0,0,0,0,0,0,0,0,0,0
CL07778,0,0,0,0,0,0,0,3,0,1,0,0,0,0,0,0,0,0,0,0,0,0,0,0,0,0,0,0,0,0,0,0
CL07829,0,0,0,0,0,0,0,0,0,0,0,0,0,0,5,0,0,0,0,0,0,0,0,0,0,0,0,0,0,0,0,0
CL07831,0,0,0,0,0,0,0,0,0,0,3,0,0,0,0,0,0,0,0,0,0,0,0,0,0,0,0,0,0,0,0,0
CL07901,0,0,0,0,0,0,0,0,0,0,0,0,0,0,0,0,0,0,0,0,0,0,0,0,0,0,0,0,0,0,0,4
CL07910,0,0,0,0,0,0,0,0,0,0,0,0,0,0,0,0,0,0,0,0,0,0,0,0,0,0,0,0,0,0,2,0
CL07936,0,0,0,0,0,0,0,0,0,0,0,0,0,0,0,0,0,0,0,0,0,0,0,0,0,3,0,0,0,0,0,0
CL07954,0,0,0,0,0,0,0,0,0,0,0,0,0,0,3,0,0,0,0,0,0,0,0,0,0,0,0,0,0,0,0,0
CL08043,0,0,0,0,0,0,0,0,0,0,0,0,0,0,0,0,0,0,0,0,0,0,1,0,0,0,0,0,0,0,0,0
CL08044,0,0,0,0,0,0,0,0,0,0,0,0,0,5,0,0,0,0,0,0,0,0,0,0,0,0,0,0,0,0,0,0
CL08059,0,0,0,0,0,0,0,0,0,0,0,0,0,0,0,4,0,0,0,0,0,0,0,0,0,0,0,0,0,0,0,0
CL08068,0,0,0,0,0,0,0,0,0,0,0,0,0,0,0,0,5,0,0,0,0,0,0,0,0,0,0,0,0,0,0,0
CL08094,0,0,0,0,0,0,0,0,0,0,0,0,0,0,0,0,0,0,0,0,0,0,0,4,0,0,0,0,0,0,0,0
CL08178,0,0,0,0,0,0,0,0,0,0,2,0,0,0,0,1,0,0,0,0,0,0,0,0,0,0,0,0,0,0,0,0
CL08188,0,0,0,0,0,0,0,0,0,0,0,0,0,0,0,0,0,0,0,0,0,0,0,0,0,0,0,0,0,0,0,3
CL08203,0,0,0,0,0,0,0,0,0,0,0,0,0,4,0,0,0,0,0,0,0,0,0,0,0,0,0,0,0,0,0,0
CL08238,0,0,0,0,0,0,0,0,0,0,0,0,0,0,0,2,0,0,0,0,0,0,0,0,0,0,0,0,0,0,0,0
CL08251,0,0,0,0,0,0,0,0,0,0,0,0,0,0,0,0,0,2,0,0,0,0,0,0,0,0,2,0,0,0,0,0
CL08284,0,0,0,0,0,0,0,0,0,0,0,0,0,0,0,0,0,0,0,0,0,0,0,0,3,0,0,0,0,0,0,0
CL08296,0,0,0,0,0,0,0,0,0,0,0,0,1,1,0,0,0,0,0,0,0,0,0,0,0,0,0,0,0,0,0,0
CL08314,0,0,0,0,0,0,0,0,0,0,0,0,0,0,0,0,0,0,0,0,0,0,0,0,0,0,0,0,0,0,0,2
CL08328,0,0,0,0,0,0,0,0,0,0,0,0,0,0,0,0,0,0,3,0,0,0,0,0,0,0,0,0,0,0,0,0
CL08332,0,0,0,0,0,0,4,0,0,0,0,0,0,0,0,0,0,0,0,0,0,0,0,0,0,0,0,0,0,0,0,0
CL08334,0,0,0,0,0,0,0,0,0,0,0,0,0,0,0,0,0,0,0,0,0,0,0,0,0,0,0,3,0,0,0,0
CL08348,0,0,0,0,0,0,0,0,0,0,0,0,0,0,0,0,0,0,0,0,0,0,0,0,0,0,0,4,0,0,0,0
CL08349,0,0,0,0,0,0,0,0,0,0,1,0,0,0,0,0,0,0,0,0,0,0,0,0,0,0,0,0,0,0,0,0
CL08365,0,0,0,0,0,0,0,0,0,0,0,0,1,0,0,0,0,0,0,0,1,0,0,0,0,0,0,0,0,0,0,0
CL08367,0,0,0,0,0,0,0,0,0,0,0,0,2,0,0,0,0,0,0,0,0,0,0,0,0,0,0,0,0,0,0,0
CL08386,0,0,0,0,0,0,0,0,0,0,0,0,0,1,0,0,0,0,0,0,0,0,0,0,0,0,0,0,0,0,0,0
CL08449,0,0,0,0,0,0,0,0,0,0,0,0,0,0,0,0,0,0,0,0,0,0,0,0,2,0,0,0,0,0,0,0
CL08455,0,0,0,0,0,0,0,0,0,0,0,0,0,0,0,0,0,0,2,0,0,0,0,0,0,0,0,1,0,0,0,0
CL08465,0,0,0,0,0,0,0,0,0,0,0,0,1,0,0,3,0,0,0,0,0,0,0,0,0,0,0,0,0,0,0,0
CL08528,0,0,0,0,0,0,0,0,0,0,0,0,0,0,3,0,0,0,0,0,0,0,0,0,0,0,0,0,0,0,0,0
CL08558,0,0,0,0,0,0,0,0,0,0,0,1,0,0,0,0,0,0,0,0,0,1,0,0,0,0,0,0,0,0,0,0
CL08561,0,0,0,0,0,0,0,0,0,0,0,0,0,0,0,0,0,0,0,0,0,0,0,0,0,0,3,0,0,0,0,0
CL08569,0,0,0,0,0,0,0,0,0,0,0,0,0,0,0,0,0,0,0,0,0,0,0,2,0,0,0,0,0,0,0,0
CL08577,0,0,0,0,0,0,0,0,0,0,0,0,0,3,0,0,0,0,0,0,0,0,0,0,0,0,0,0,0,0,0,0
CL08587,0,0,0,0,0,0,0,0,1,0,0,0,0,0,0,0,0,0,0,0,0,0,0,0,0,0,0,0,0,0,0,0
CL08601,0,0,0,0,0,0,0,0,0,0,0,0,0,0,0,0,0,0,0,2,0,0,0,0,0,2,0,0,0,0,0,0
CL08644,0,0,0,0,0,0,0,0,0,0,0,0,0,0,0,0,0,0,0,0,0,0,2,0,0,0,0,0,0,0,0,0
CL08650,0,0,0,0,0,0,0,0,0,0,0,2,0,0,0,0,0,0,2,0,0,0,0,0,0,0,0,0,0,0,0,0
CL08658,0,0,0,0,0,0,0,0,0,0,0,0,0,0,0,1,0,0,0,0,0,0,0,0,0,0,0,0,0,0,0,0
CL08662,0,0,0,0,0,0,0,0,0,0,0,0,0,2,0,0,0,0,0,0,0,0,0,0,0,0,0,0,0,0,0,0
CL08677,0,0,0,0,0,0,0,0,0,0,0,0,0,0,0,0,0,0,0,0,0,0,0,0,0,0,0,0,0,2,0,0
CL08693,0,0,0,0,0,0,0,0,0,0,0,0,0,0,2,0,0,0,1,0,0,0,0,0,0,0,0,0,0,1,0,0
CL08711,0,0,0,0,0,0,0,0,0,0,0,0,0,1,0,0,0,0,0,0,0,0,0,0,0,0,0,0,0,1,0,0
CL08731,0,0,0,0,0,0,0,0,0,0,0,0,0,0,0,0,0,0,0,0,0,0,0,4,0,0,0,0,0,0,0,0
CL08741,0,0,0,0,0,0,0,0,0,0,0,0,0,0,0,0,0,0,0,0,0,0,2,0,0,0,0,0,0,0,0,0
CL08747,0,0,0,0,0,0,0,0,0,0,0,0,0,0,0,0,4,0,0,0,0,0,0,0,0,0,0,0,0,0,0,0
CL08772,0,0,0,0,0,0,0,0,0,0,0,0,0,0,0,0,0,0,0,0,0,0,0,0,0,0,0,2,0,0,0,0
CL08828,0,0,0,0,0,0,0,0,0,0,0,0,0,0,3,0,0,0,0,0,0,0,0,0,0,0,0,0,0,0,0,0
CL08852,0,0,0,0,0,0,0,0,0,0,0,0,0,0,0,0,0,0,0,0,0,0,2,0,0,0,0,0,0,0,0,0
CL08871,0,0,0,0,3,0,0,0,0,0,0,0,0,0,0,0,0,0,0,0,0,0,0,0,0,0,0,0,0,0,0,0
CL08888,0,0,0,0,0,0,0,0,0,0,0,0,0,0,0,1,0,0,0,0,0,0,2,0,0,0,0,0,0,0,0,0
CL08893,0,0,0,3,0,0,0,0,0,0,0,0,0,0,0,0,0,0,0,0,0,0,0,0,0,0,0,0,0,0,0,0
CL08944,0,0,0,0,0,0,0,0,0,0,0,0,0,0,0,0,0,0,0,0,0,0,0,0,3,0,0,0,0,0,0,0
CL09022,0,0,0,0,0,0,0,0,0,0,0,0,0,0,0,0,0,0,0,0,3,0,0,0,0,0,0,0,0,0,0,0
CL09026,0,0,0,0,0,0,2,0,0,0,0,1,0,0,0,0,0,0,0,0,0,0,0,0,0,0,0,0,0,0,0,0
CL09029,0,0,0,0,0,0,0,0,0,0,0,0,0,0,0,0,0,0,0,0,0,0,0,0,0,0,0,0,0,0,0,3
CL09040,0,0,0,0,0,0,0,0,0,0,0,0,0,0,0,3,0,0,0,0,0,0,0,0,0,0,0,0,0,0,0,0
CL09047,0,0,0,0,0,0,0,0,0,0,0,0,0,0,0,0,0,0,0,0,0,0,0,0,0,0,0,0,0,2,0,0
CL09070,0,0,0,0,0,2,0,0,0,0,0,0,0,0,0,0,0,0,0,0,0,0,0,0,0,0,0,0,0,0,0,0
CL09099,0,0,0,0,0,0,0,0,0,0,0,0,0,0,2,0,0,0,0,0,0,0,0,0,0,0,0,0,0,0,0,0
CL09100,0,0,0,0,0,0,0,0,0,0,0,0,0,0,0,0,0,0,0,0,0,0,0,0,0,0,0,1,0,0,0,1
CL09110,0,0,0,0,0,0,0,0,0,0,0,0,0,0,0,0,0,0,0,0,0,0,0,0,0,0,0,0,1,0,0,0
CL09113,0,0,0,0,0,0,0,0,0,0,0,0,0,0,0,0,0,0,0,0,2,0,0,0,0,0,0,0,0,0,0,0
CL09114,0,0,0,0,0,0,3,0,0,0,0,0,0,0,0,0,0,0,0,0,0,0,0,0,0,0,0,0,0,0,0,0
CL09169,0,0,0,0,0,0,0,0,0,0,0,0,0,0,0,0,0,0,0,0,0,0,0,0,0,0,0,0,0,3,0,0
CL09198,0,0,0,0,0,0,3,0,0,0,0,0,0,0,0,0,0,0,0,0,0,0,0,0,0,0,0,0,0,0,0,0
CL09221,0,0,0,0,0,0,0,0,0,0,0,0,0,0,0,0,0,0,0,0,0,1,0,0,0,0,0,0,0,0,0,0
CL09231,0,0,0,0,0,0,0,0,0,0,0,0,0,0,0,0,0,0,0,0,0,0,0,0,0,0,0,1,0,0,0,0
CL09237,0,0,0,0,0,0,0,0,0,0,0,0,0,0,0,0,0,0,0,0,0,0,0,0,0,0,0,0,0,0,0,2
CL09239,0,0,0,0,0,0,0,0,0,0,0,0,0,0,0,0,0,0,0,0,0,0,0,0,0,0,2,0,0,0,0,0
CL09257,0,0,0,0,0,0,0,0,0,1,0,0,0,0,0,1,0,0,0,0,0,0,0,0,0,0,0,0,0,0,0,0
CL09295,0,0,0,0,0,0,0,0,0,0,0,0,0,0,0,0,0,0,0,0,0,0,0,0,0,0,0,2,0,0,0,0
CL09303,0,0,0,0,0,0,0,0,0,0,0,0,0,0,0,0,0,0,0,0,0,0,0,0,0,0,0,2,0,0,0,0
CL09337,0,0,0,0,0,0,0,0,0,0,0,0,0,1,0,0,0,0,0,0,0,0,0,0,0,0,0,0,0,0,0,0
CL09363,0,0,0,0,0,0,0,0,0,0,0,0,0,0,0,0,0,0,0,0,3,0,0,0,0,0,0,0,0,0,0,0
CL09401,0,0,2,0,0,0,0,0,0,0,0,0,0,0,0,0,0,0,0,0,0,0,0,0,0,0,0,0,0,0,0,0
CL09448,0,0,0,0,0,0,0,0,0,0,2,0,0,0,0,0,0,0,0,0,0,0,0,0,0,0,0,0,0,0,0,0
CL09453,0,0,0,0,0,0,0,0,0,0,0,0,2,0,0,0,0,0,0,0,0,0,0,0,0,0,0,0,0,0,0,0
CL09473,0,0,0,0,0,0,0,0,0,0,0,0,0,1,0,0,0,0,0,0,0,0,0,0,0,0,0,0,0,0,0,1
CL09479,0,0,0,0,0,0,0,0,0,0,0,3,0,0,0,0,0,0,0,0,0,0,0,0,0,0,0,0,0,0,0,0
CL09481,0,0,0,0,0,0,0,0,0,0,0,0,0,0,0,0,0,0,0,0,0,0,0,2,0,0,0,0,0,0,0,0
CL09509,0,0,0,0,0,0,0,0,0,0,0,0,0,0,0,1,0,0,0,0,0,0,0,0,0,0,0,0,0,0,0,0
CL09520,0,0,0,0,0,0,0,0,0,0,0,0,0,0,0,0,0,0,0,0,0,0,0,0,0,0,0,0,0,2,0,0
CL09536,0,0,0,0,0,0,0,0,0,0,0,0,0,0,3,0,0,0,0,0,0,0,0,0,0,0,0,0,0,0,0,0
CL09537,0,0,0,0,0,0,1,0,0,1,0,0,0,0,0,0,0,0,0,0,0,0,0,0,0,0,0,0,0,0,0,0
CL09553,0,0,0,0,0,0,0,0,0,0,0,0,0,0,0,0,0,0,0,0,0,0,0,0,0,1,0,0,0,1,0,0
CL09585,0,0,2,0,0,0,0,0,0,0,0,0,0,0,0,0,0,0,0,0,0,0,0,0,0,0,0,0,0,0,0,0
CL09614,0,0,0,0,0,0,0,0,0,0,0,0,0,0,0,0,0,0,0,0,0,0,0,1,0,0,0,0,0,0,0,1
CL09649,0,0,0,0,0,0,0,0,0,0,0,0,0,0,0,0,0,0,0,0,0,0,0,0,0,0,0,2,0,0,0,0
CL09719,0,0,0,0,0,0,0,0,0,0,0,0,0,0,0,0,0,0,0,0,0,0,2,0,0,0,0,0,0,0,0,0
CL09729,0,0,0,3,0,0,0,0,0,0,0,0,0,0,0,0,0,0,0,0,0,0,0,0,0,0,0,0,0,0,0,0
CL09734,0,0,0,0,0,0,0,0,0,0,0,0,0,0,0,0,0,0,0,0,0,0,0,0,0,0,0,0,0,0,0,3
CL09741,0,0,0,0,0,0,0,0,0,0,0,0,0,0,0,0,0,0,0,0,0,0,0,0,0,0,0,0,0,0,0,2
CL09772,3,0,0,0,0,0,0,0,0,0,0,0,0,0,0,0,0,0,0,0,0,0,0,0,0,0,0,0,0,0,0,0
CL09788,0,0,0,0,0,0,0,0,0,0,0,0,0,0,0,0,0,0,0,0,0,0,0,0,0,0,0,0,3,0,0,0
CL09809,0,0,0,0,0,0,0,0,0,0,0,0,0,1,0,1,0,0,0,0,0,0,0,0,0,0,0,0,0,0,0,0
CL09906,0,0,0,0,0,0,0,0,0,0,0,0,0,0,3,0,0,0,0,0,0,0,0,0,0,0,0,0,0,0,0,0
CL09911,0,0,0,0,0,0,0,0,0,0,0,0,0,0,0,3,0,0,0,0,0,0,0,0,0,0,0,0,0,0,0,0
CL09919,0,0,0,0,0,0,0,0,0,0,0,0,0,0,0,0,0,0,0,0,0,0,0,0,0,0,0,0,2,0,0,0
CL09944,0,0,0,0,0,0,0,2,0,0,0,0,0,0,0,0,0,0,0,0,0,0,0,0,0,0,0,0,0,0,0,0
CL09958,0,0,0,0,0,0,0,0,0,0,0,0,0,0,0,0,0,0,0,0,0,0,0,0,0,0,2,0,0,0,0,0
CL10015,0,0,0,0,0,0,0,0,0,0,0,0,0,0,0,0,0,0,0,0,0,0,0,0,0,0,0,0,0,0,2,0
CL10037,0,0,0,0,0,0,0,0,0,0,0,0,0,0,0,0,0,0,0,0,0,0,3,0,0,0,0,0,0,0,0,0
CL10042,0,0,0,0,0,0,0,0,0,0,0,0,0,0,0,0,0,0,0,0,0,0,0,0,0,0,0,1,0,0,0,0
CL10078,0,0,0,0,0,0,0,0,0,0,0,0,0,0,0,2,0,0,0,0,0,0,0,0,0,0,0,0,0,0,0,0
CL10089,0,0,0,0,0,0,0,0,0,0,0,0,0,1,0,0,0,0,0,0,0,0,0,0,0,0,0,0,0,0,0,0
CL10115,0,0,0,0,0,0,0,0,0,0,0,0,3,0,0,0,0,0,0,0,0,0,0,0,0,0,0,0,0,0,0,0
CL10132,0,0,0,0,0,0,0,0,0,0,0,0,0,0,0,0,0,0,0,0,0,1,0,0,0,0,0,0,0,0,0,0
CL10137,0,0,0,0,0,0,0,0,1,0,0,0,0,0,0,0,0,0,0,0,0,0,0,0,0,0,0,0,0,0,0,0
CL10152,0,0,0,0,0,0,0,0,0,0,0,0,0,0,0,0,0,0,0,0,2,0,0,0,0,0,0,0,0,0,0,1
CL10158,0,0,0,0,0,0,0,0,0,0,0,0,0,0,0,0,0,0,0,0,0,0,0,0,0,0,0,0,0,1,0,1
CL10163,0,0,0,0,0,0,0,0,0,0,0,0,0,0,0,0,0,0,0,0,0,0,0,0,0,0,0,0,0,3,0,0
CL10170,0,0,0,0,0,0,0,0,0,0,0,2,0,0,0,0,0,0,0,0,0,0,0,0,0,0,0,0,0,0,0,0
CL10179,0,0,0,0,0,0,0,0,0,0,0,0,0,0,0,0,0,0,0,0,0,0,0,0,0,0,0,0,0,2,0,0
CL10257,0,0,0,0,0,0,0,0,0,0,0,0,0,0,3,0,0,0,0,0,0,0,0,0,0,0,0,0,0,0,0,0
CL10261,0,0,0,0,0,0,0,0,0,0,0,0,0,0,0,0,0,0,0,0,0,0,0,0,0,0,0,0,0,0,0,1
CL10286,0,0,0,0,0,0,0,0,0,0,0,0,0,2,0,0,0,0,0,0,0,0,0,0,0,0,0,0,1,0,0,0
CL10299,0,0,0,0,0,0,0,0,1,0,0,0,0,0,0,0,0,0,0,0,1,0,0,0,0,0,0,0,0,0,0,0
CL10303,0,0,0,0,0,0,0,0,0,0,0,0,0,0,0,0,2,0,0,0,0,0,0,0,0,0,0,0,0,0,0,0
CL10305,0,1,0,0,0,0,0,0,0,0,0,0,0,0,0,0,0,0,0,0,0,0,0,0,0,0,0,1,1,0,0,0
CL10354,0,0,0,0,0,0,0,0,0,0,0,0,0,0,0,0,0,0,0,0,0,0,0,0,0,0,0,0,0,0,0,2
CL10374,0,0,0,0,0,0,0,0,0,0,0,1,0,0,0,0,0,0,0,0,0,0,0,0,0,0,0,0,0,0,0,0
CL10410,0,0,0,0,0,0,0,0,0,0,0,0,0,0,0,0,0,0,0,0,0,0,0,0,0,0,0,0,0,0,0,1
CL10423,0,0,0,0,0,0,0,0,0,0,0,0,0,0,0,0,0,0,0,0,0,0,0,0,0,0,0,0,0,2,0,0
CL10424,0,0,0,0,0,0,0,0,0,0,0,0,0,0,0,0,0,0,0,0,0,0,2,0,0,0,0,0,0,0,0,0
CL10455,2,0,0,0,0,0,0,0,0,0,0,0,0,0,0,0,0,0,0,0,0,0,0,0,0,0,0,0,0,0,0,0
CL10476,0,0,0,0,0,0,0,0,0,0,0,0,0,0,0,0,0,0,2,0,0,0,0,0,0,0,0,0,0,0,0,0
CL10520,0,0,0,0,0,0,2,0,0,0,0,0,0,0,0,0,0,0,0,0,0,0,0,0,0,0,0,0,0,0,0,0
CL10532,0,0,0,0,0,0,0,0,0,0,0,0,0,0,0,0,0,0,0,0,0,0,0,0,0,0,0,0,0,1,0,0
CL10571,0,0,0,0,0,0,0,0,0,0,0,0,2,0,0,0,0,0,0,0,0,0,0,0,0,0,0,0,0,0,0,0
CL10625,0,0,0,0,0,0,0,0,0,0,0,0,0,0,0,0,0,0,0,0,0,0,0,0,0,0,0,0,0,2,0,0
CL10632,0,0,0,0,0,0,0,0,0,0,0,0,0,0,0,0,0,0,0,0,0,0,0,2,0,0,0,0,0,0,0,0
CL10640,0,0,0,0,0,0,0,0,0,0,0,0,0,0,0,0,0,0,0,0,0,0,1,0,0,0,0,0,0,0,0,0
CL10665,0,0,0,0,0,0,0,0,0,0,0,0,0,0,0,0,0,0,0,0,0,0,0,0,0,0,0,0,0,0,2,0
CL10703,0,0,0,0,0,0,0,0,0,0,0,0,0,0,0,0,0,0,0,0,2,0,0,0,0,0,0,0,0,0,0,0
CL10713,0,0,0,0,0,0,0,0,0,0,0,0,0,0,0,0,0,2,0,0,0,0,0,0,0,0,0,0,0,0,0,0
CL10823,0,0,0,0,0,0,0,0,0,0,0,0,0,0,0,0,0,0,0,0,1,0,0,0,0,0,0,0,0,0,0,0
CL10881,0,0,0,0,0,0,0,0,0,0,0,0,0,0,0,0,0,0,0,0,0,0,1,0,0,0,0,0,0,0,0,0
CL10892,0,0,0,0,0,0,0,0,0,0,0,0,0,0,0,0,0,0,0,0,1,0,0,0,0,0,0,0,0,0,0,0
CL10998,0,0,0,0,0,0,0,0,0,0,0,0,0,0,0,1,0,0,0,0,0,0,0,0,0,0,0,0,0,0,0,0
CL11008,0,0,0,0,0,0,0,0,0,0,0,0,0,0,0,0,0,0,0,0,0,0,0,0,0,0,0,0,1,0,0,1
CL11138,0,0,0,0,0,0,0,0,0,0,0,0,0,0,0,0,0,0,0,0,0,0,0,0,0,0,0,0,0,0,0,1
CL11190,0,0,0,0,0,0,0,0,0,0,0,0,0,0,0,0,0,0,0,0,0,0,0,0,0,0,0,0,0,0,1,0
CL11208,0,0,0,0,0,0,0,0,0,0,0,0,0,0,0,0,0,0,0,0,0,0,0,0,0,0,0,0,0,0,0,1
CL11296,0,0,0,0,0,0,0,0,1,0,0,0,0,0,0,0,0,0,0,0,0,0,0,0,0,0,0,0,0,0,0,0
CL11319,0,0,0,0,0,0,0,0,0,0,0,0,0,1,0,0,0,0,0,0,0,0,0,0,0,0,0,0,0,0,0,0
CL11332,0,0,0,0,0,0,0,0,0,0,0,0,0,0,0,0,0,0,0,0,0,1,0,0,0,0,0,0,0,0,0,0
CL11357,0,0,0,0,0,0,0,0,0,0,0,0,0,0,0,0,0,0,0,0,0,0,0,0,0,0,0,0,0,0,0,2
CL11361,0,0,0,0,0,0,0,0,0,0,0,0,0,0,0,0,0,0,0,0,0,0,0,0,0,0,2,0,0,0,0,0
CL11407,0,0,0,0,0,0,0,0,0,0,0,1,0,0,0,0,0,0,0,0,0,0,0,0,0,1,0,0,0,0,0,0
CL11514,0,0,0,0,0,0,0,0,0,0,0,0,0,0,0,0,0,0,0,0,2,0,0,0,0,0,0,0,0,0,0,0
CL11594,0,0,0,0,0,0,0,0,0,0,0,0,0,0,0,0,0,0,0,0,0,0,0,0,0,0,0,2,0,0,0,0
CL11678,0,0,0,0,0,0,0,0,0,0,0,0,0,0,0,0,0,0,0,0,0,0,0,0,0,0,0,0,0,1,0,0
CL11703,0,0,0,0,0,0,0,0,0,0,0,0,0,0,0,0,0,0,0,0,0,0,0,0,0,0,0,0,0,0,0,1
CL11747,0,0,0,0,0,0,2,0,0,0,0,0,0,0,0,0,0,0,0,0,0,0,0,0,0,0,0,0,0,0,0,0
CL11774,0,0,0,0,0,0,0,0,0,0,0,0,0,0,0,0,0,0,0,0,0,0,0,0,0,0,0,0,0,1,0,0
CL11800,0,0,0,0,0,0,0,0,0,0,0,0,0,0,0,0,0,0,0,0,0,0,0,0,0,0,2,0,0,0,0,0
CL11856,0,0,0,0,0,0,0,0,0,0,0,0,0,0,0,0,0,0,0,0,0,1,0,0,0,0,0,0,0,0,0,0
CL11860,0,0,0,0,0,0,0,0,0,0,0,0,0,0,0,0,0,0,0,0,0,0,0,0,0,0,0,2,0,0,0,0
CL11873,0,0,0,0,0,0,0,0,0,0,0,0,0,0,0,0,0,0,0,0,0,0,0,0,0,0,0,0,0,2,0,0
CL12053,0,0,0,0,0,0,1,0,0,0,0,0,0,0,0,0,0,0,0,0,0,0,0,0,0,0,0,0,0,0,0,0
CL12105,0,0,0,0,0,0,0,0,0,0,0,0,0,0,0,0,0,0,0,2,0,0,0,0,0,0,0,0,0,0,0,0
CL12107,0,0,0,0,0,0,0,0,0,0,0,0,0,0,0,0,0,0,0,0,0,0,0,0,0,0,0,0,1,0,0,0
CL12151,0,0,0,0,0,0,0,0,0,0,0,0,0,0,0,0,0,0,0,0,0,0,0,0,2,0,0,0,0,0,0,0
CL12171,0,0,0,0,1,0,0,0,0,0,0,0,0,0,0,0,0,0,0,0,0,0,0,0,0,0,0,0,0,0,0,0
CL12192,0,0,0,0,0,0,0,0,0,0,0,0,0,0,0,0,0,0,0,0,2,0,0,0,0,0,0,0,0,0,0,0
CL12215,0,0,0,0,0,0,0,0,0,0,0,0,0,0,0,0,0,0,0,0,0,0,0,0,2,0,0,0,0,0,0,0
CL12242,0,0,0,0,0,0,0,0,0,0,0,0,0,0,0,0,0,0,0,0,0,0,0,0,0,0,0,2,0,0,0,0
CL12243,0,0,0,0,0,0,0,0,0,0,0,0,0,0,0,0,0,0,0,0,0,0,0,0,0,0,0,0,0,0,0,1
CL12278,0,0,0,0,0,0,0,0,0,0,0,0,0,0,0,0,0,0,0,0,0,0,1,0,0,0,0,0,0,0,0,0
CL12332,0,0,0,0,0,0,0,0,0,0,0,0,0,0,0,0,0,0,2,0,0,0,0,0,0,0,0,0,0,0,0,0
CL12392,0,0,0,0,0,0,0,0,0,0,0,0,0,0,0,0,0,0,0,0,0,0,0,0,0,0,0,0,0,1,0,0
CL12412,0,0,0,0,0,0,0,0,0,0,0,0,0,0,0,0,0,0,0,0,0,0,0,0,0,2,0,0,0,0,0,0
CL12433,0,0,0,0,0,0,0,0,0,0,0,0,0,0,0,0,0,0,0,0,0,0,0,0,0,0,0,0,2,0,0,0
CL12467,0,0,0,0,0,0,0,0,0,0,0,0,0,0,0,0,0,0,0,0,0,0,1,0,0,0,0,0,0,1,0,0
CL12470,0,0,0,0,0,0,0,0,1,0,0,0,0,0,0,0,0,0,0,0,0,0,0,0,0,0,0,0,0,0,0,0
CL12471,0,0,0,0,0,0,0,0,0,0,0,0,0,0,0,0,0,0,0,0,0,0,1,0,0,0,0,0,0,0,0,0
CL12483,0,0,0,0,0,0,0,0,0,0,0,0,0,0,0,1,0,0,0,0,0,0,0,0,0,0,0,0,0,0,0,0
CL12485,0,0,0,0,0,0,0,0,0,0,0,0,0,0,0,0,0,0,0,0,0,0,0,0,0,0,0,1,0,0,0,0
